-- MySQL dump 10.13  Distrib 5.1.61, for redhat-linux-gnu (i386)
--
-- Host: localhost    Database: matrix_development
-- ------------------------------------------------------
-- Server version	5.1.61

/*!40101 SET @OLD_CHARACTER_SET_CLIENT=@@CHARACTER_SET_CLIENT */;
/*!40101 SET @OLD_CHARACTER_SET_RESULTS=@@CHARACTER_SET_RESULTS */;
/*!40101 SET @OLD_COLLATION_CONNECTION=@@COLLATION_CONNECTION */;
/*!40101 SET NAMES utf8 */;
/*!40103 SET @OLD_TIME_ZONE=@@TIME_ZONE */;
/*!40103 SET TIME_ZONE='+00:00' */;
/*!40014 SET @OLD_UNIQUE_CHECKS=@@UNIQUE_CHECKS, UNIQUE_CHECKS=0 */;
/*!40014 SET @OLD_FOREIGN_KEY_CHECKS=@@FOREIGN_KEY_CHECKS, FOREIGN_KEY_CHECKS=0 */;
/*!40101 SET @OLD_SQL_MODE=@@SQL_MODE, SQL_MODE='NO_AUTO_VALUE_ON_ZERO' */;
/*!40111 SET @OLD_SQL_NOTES=@@SQL_NOTES, SQL_NOTES=0 */;

--
-- Table structure for table `group_parameters`
--

DROP TABLE IF EXISTS `group_parameters`;
/*!40101 SET @saved_cs_client     = @@character_set_client */;
/*!40101 SET character_set_client = utf8 */;
CREATE TABLE `group_parameters` (
  `id` int(11) NOT NULL AUTO_INCREMENT,
  `group_id` int(11) DEFAULT NULL,
  `parameter_id` varchar(255) COLLATE utf8_unicode_ci DEFAULT NULL,
  `status` int(11) DEFAULT NULL,
  `created_at` datetime NOT NULL,
  `updated_at` datetime NOT NULL,
  PRIMARY KEY (`id`)
) ENGINE=InnoDB AUTO_INCREMENT=5 DEFAULT CHARSET=utf8 COLLATE=utf8_unicode_ci;
/*!40101 SET character_set_client = @saved_cs_client */;

--
-- Dumping data for table `group_parameters`
--

LOCK TABLES `group_parameters` WRITE;
/*!40000 ALTER TABLE `group_parameters` DISABLE KEYS */;
INSERT INTO `group_parameters` VALUES (4,3,'28',NULL,'2012-08-28 09:21:36','2012-08-28 09:21:36');
/*!40000 ALTER TABLE `group_parameters` ENABLE KEYS */;
UNLOCK TABLES;

--
-- Table structure for table `group_values`
--

DROP TABLE IF EXISTS `group_values`;
/*!40101 SET @saved_cs_client     = @@character_set_client */;
/*!40101 SET character_set_client = utf8 */;
CREATE TABLE `group_values` (
  `id` int(11) NOT NULL AUTO_INCREMENT,
  `group_id` int(11) DEFAULT NULL,
  `value_id` int(11) DEFAULT NULL,
  `status` int(11) DEFAULT NULL,
  `created_at` datetime NOT NULL,
  `updated_at` datetime NOT NULL,
  PRIMARY KEY (`id`)
) ENGINE=InnoDB AUTO_INCREMENT=17 DEFAULT CHARSET=utf8 COLLATE=utf8_unicode_ci;
/*!40101 SET character_set_client = @saved_cs_client */;

--
-- Dumping data for table `group_values`
--

LOCK TABLES `group_values` WRITE;
/*!40000 ALTER TABLE `group_values` DISABLE KEYS */;
INSERT INTO `group_values` VALUES (15,3,1,NULL,'2012-08-28 09:21:56','2012-08-28 09:21:56'),(16,3,1,NULL,'2012-08-28 09:22:12','2012-08-28 09:22:12');
/*!40000 ALTER TABLE `group_values` ENABLE KEYS */;
UNLOCK TABLES;

--
-- Table structure for table `groups`
--

DROP TABLE IF EXISTS `groups`;
/*!40101 SET @saved_cs_client     = @@character_set_client */;
/*!40101 SET character_set_client = utf8 */;
CREATE TABLE `groups` (
  `id` int(11) NOT NULL AUTO_INCREMENT,
  `name` varchar(255) COLLATE utf8_unicode_ci DEFAULT NULL,
  `user_id` int(11) DEFAULT NULL,
  `status` int(11) DEFAULT NULL,
  `created_at` datetime NOT NULL,
  `updated_at` datetime NOT NULL,
  PRIMARY KEY (`id`)
) ENGINE=InnoDB AUTO_INCREMENT=159 DEFAULT CHARSET=utf8 COLLATE=utf8_unicode_ci;
/*!40101 SET character_set_client = @saved_cs_client */;

--
-- Dumping data for table `groups`
--

LOCK TABLES `groups` WRITE;
/*!40000 ALTER TABLE `groups` DISABLE KEYS */;
INSERT INTO `groups` VALUES (3,'DesktopFamiliy',1,0,'2012-08-27 02:23:56','2012-09-05 10:53:06'),(5,'WebProduct',1,NULL,'2012-09-04 07:44:26','2012-09-05 10:50:46'),(8,'asdfasf',1,NULL,'2012-09-11 02:04:41','2012-09-11 02:04:41'),(9,'ycy',1,NULL,'2012-10-11 20:59:34','2012-10-11 20:59:34'),(18,'fsf',1,NULL,'2012-10-13 15:50:03','2012-10-13 15:50:03'),(19,NULL,NULL,NULL,'2012-10-13 18:03:05','2012-10-13 18:03:05'),(72,'121',1,NULL,'2012-11-05 21:31:58','2012-11-05 21:31:58'),(77,'12q',1,NULL,'2012-11-05 22:24:20','2012-11-05 22:24:20'),(78,'asa',1,NULL,'2012-11-05 22:25:19','2012-11-05 22:25:19'),(79,'az',1,NULL,'2012-11-05 22:25:33','2012-11-05 22:25:33'),(80,'lk',1,NULL,'2012-11-05 22:26:25','2012-11-05 22:26:25'),(81,'hg',1,NULL,'2012-11-05 22:27:54','2012-11-05 22:27:54'),(85,'142',1,NULL,'2012-11-05 22:39:14','2012-11-05 22:39:14'),(86,'ff',1,NULL,'2012-11-05 22:56:06','2012-11-05 22:56:06'),(90,'45',1,NULL,'2012-11-05 23:21:13','2012-11-05 23:21:13'),(92,'gfg',1,NULL,'2012-11-05 23:23:43','2012-11-05 23:23:43'),(95,'saad',1,NULL,'2012-11-05 23:42:35','2012-11-05 23:42:35'),(96,'dsad',1,NULL,'2012-11-05 23:44:34','2012-11-05 23:44:34'),(97,'gsfg',1,NULL,'2012-11-05 23:45:52','2012-11-05 23:45:52'),(98,'fqwfa',1,NULL,'2012-11-05 23:46:28','2012-11-05 23:46:28'),(99,'fasdfa',1,NULL,'2012-11-05 23:47:49','2012-11-05 23:47:49'),(100,'dasfA',1,NULL,'2012-11-05 23:49:24','2012-11-05 23:49:24'),(101,'GAGFAS',1,NULL,'2012-11-05 23:50:33','2012-11-05 23:50:33'),(102,'FGSFAS',1,NULL,'2012-11-05 23:51:04','2012-11-05 23:51:04'),(103,'uryteryt',1,NULL,'2012-11-05 23:52:01','2012-11-05 23:52:01'),(104,'twertw',1,NULL,'2012-11-05 23:52:48','2012-11-05 23:52:48'),(105,'tfsf',1,NULL,'2012-11-05 23:53:35','2012-11-05 23:53:35'),(106,'dsdsafa',1,NULL,'2012-11-06 14:38:55','2012-11-06 14:38:55'),(107,'tqwtr',1,NULL,'2012-11-06 14:47:58','2012-11-06 14:47:58'),(108,'ycyycyc',1,NULL,'2012-11-06 14:48:31','2012-11-06 14:48:31'),(110,'ssssssssss',1,NULL,'2012-11-06 14:49:16','2012-11-06 14:49:16'),(111,'ddddddddddd',1,NULL,'2012-11-06 14:53:04','2012-11-06 14:53:04'),(112,'xxxxxxxxxx',1,NULL,'2012-11-06 14:53:48','2012-11-06 14:53:48'),(114,'dddddd',1,NULL,'2012-11-06 14:56:19','2012-11-06 14:56:19'),(115,'zzzzzzzz',1,NULL,'2012-11-06 14:57:26','2012-11-06 14:57:26'),(116,'llllllllllll',1,NULL,'2012-11-06 15:05:01','2012-11-06 15:05:01'),(117,'kkkkkkkkkkk',1,NULL,'2012-11-06 15:05:50','2012-11-06 15:05:50'),(119,'44444444',1,NULL,'2012-11-06 15:06:59','2012-11-06 15:06:59'),(120,'55555555',1,NULL,'2012-11-06 15:07:41','2012-11-06 15:07:41'),(121,'dsdsds',1,NULL,'2012-11-06 15:08:25','2012-11-06 15:08:25'),(126,'aaa',1,NULL,'2012-11-06 15:15:52','2012-11-06 15:15:52'),(127,'qwer',1,NULL,'2012-11-06 15:17:42','2012-11-06 15:17:42'),(128,'43434',1,NULL,'2012-11-06 15:19:19','2012-11-06 15:19:19'),(129,'asasasas',1,NULL,'2012-11-06 15:21:14','2012-11-06 15:21:14'),(130,'aaaaaaa',1,NULL,'2012-11-06 15:23:24','2012-11-06 15:23:24'),(131,'zzzzzz',1,NULL,'2012-11-06 15:24:53','2012-11-06 15:24:53'),(132,'opopo',1,NULL,'2012-11-06 15:27:11','2012-11-06 15:27:11'),(133,'hgfhgf',1,NULL,'2012-11-06 15:28:13','2012-11-06 15:28:13'),(134,'rere',1,NULL,'2012-11-06 17:34:32','2012-11-06 17:34:32'),(135,'fsfs',1,NULL,'2012-11-06 17:43:25','2012-11-06 17:43:25'),(136,'gdsg',1,NULL,'2012-11-06 17:50:44','2012-11-06 17:50:44'),(137,'assa',1,NULL,'2012-11-06 17:52:27','2012-11-06 17:52:27'),(138,'zax',1,NULL,'2012-11-06 17:53:19','2012-11-06 17:53:19'),(139,'123455',1,NULL,'2012-11-06 17:54:13','2012-11-06 17:54:13'),(140,'rfsetg',1,NULL,'2012-11-06 18:08:23','2012-11-06 18:08:23'),(141,'cxczx',1,NULL,'2012-11-06 18:09:07','2012-11-06 18:09:07'),(142,'gdds',1,NULL,'2012-11-06 18:09:54','2012-11-06 18:09:54'),(143,'gfdgsd',1,NULL,'2012-11-06 18:10:57','2012-11-06 18:10:57'),(144,'jhfgh',1,NULL,'2012-11-06 18:11:37','2012-11-06 18:11:37'),(145,'hffd',1,NULL,'2012-11-06 18:12:32','2012-11-06 18:12:32'),(146,'azxcv',1,NULL,'2012-11-06 18:12:56','2012-11-06 18:12:56'),(147,'fdsfsffffffffff',1,NULL,'2012-11-06 18:16:50','2012-11-06 18:16:50'),(148,'rt',1,NULL,'2012-11-06 18:21:31','2012-11-06 18:21:31'),(149,'hjkl',1,NULL,'2012-11-06 18:24:16','2012-11-06 18:24:16'),(150,'qwas',1,NULL,'2012-11-06 18:25:31','2012-11-06 18:25:31'),(151,'yuiop',1,NULL,'2012-11-06 18:26:03','2012-11-06 18:26:03'),(152,'gfgf',1,NULL,'2012-11-06 18:36:45','2012-11-06 18:36:45'),(153,'jghfhfh',1,NULL,'2012-11-06 18:37:29','2012-11-06 18:37:29'),(154,'abcdefg',1,NULL,'2012-11-06 18:38:51','2012-11-06 18:38:51'),(155,'111111111111',1,NULL,'2012-11-06 18:42:06','2012-11-06 18:42:06'),(156,'pppppppppp',1,NULL,'2012-11-08 21:03:30','2012-11-08 21:03:30'),(157,'yyyyyyyyyy',1,NULL,'2012-11-08 21:47:55','2012-11-08 21:47:55'),(158,'34',1,NULL,'2012-11-10 20:11:53','2012-11-10 20:11:53');
/*!40000 ALTER TABLE `groups` ENABLE KEYS */;
UNLOCK TABLES;

--
-- Table structure for table `limit_pairs`
--

DROP TABLE IF EXISTS `limit_pairs`;
/*!40101 SET @saved_cs_client     = @@character_set_client */;
/*!40101 SET character_set_client = utf8 */;
CREATE TABLE `limit_pairs` (
  `id` int(11) NOT NULL AUTO_INCREMENT,
  `matrix_config_id` int(11) DEFAULT NULL,
  `first_value_id` int(11) DEFAULT NULL,
  `second_value_id` int(11) DEFAULT NULL,
  `created_at` datetime NOT NULL,
  `updated_at` datetime NOT NULL,
  PRIMARY KEY (`id`)
) ENGINE=InnoDB AUTO_INCREMENT=13 DEFAULT CHARSET=utf8 COLLATE=utf8_unicode_ci;
/*!40101 SET character_set_client = @saved_cs_client */;

--
-- Dumping data for table `limit_pairs`
--

LOCK TABLES `limit_pairs` WRITE;
/*!40000 ALTER TABLE `limit_pairs` DISABLE KEYS */;
INSERT INTO `limit_pairs` VALUES (6,5,1,39,'2012-08-28 08:46:27','2012-08-28 08:46:27'),(7,5,1,47,'2012-08-28 09:24:29','2012-08-28 09:24:29'),(8,NULL,39,48,'2012-09-06 01:37:09','2012-09-06 01:37:09'),(9,13,42,34,'2012-10-26 17:50:45','2012-10-26 17:50:45'),(10,10,1,48,'2012-11-08 20:27:07','2012-11-08 20:27:07'),(11,10,50,68,'2012-11-08 20:30:03','2012-11-08 20:30:03'),(12,10,1,69,'2012-11-08 22:01:32','2012-11-08 22:01:32');
/*!40000 ALTER TABLE `limit_pairs` ENABLE KEYS */;
UNLOCK TABLES;

--
-- Table structure for table `matrix_configs`
--

DROP TABLE IF EXISTS `matrix_configs`;
/*!40101 SET @saved_cs_client     = @@character_set_client */;
/*!40101 SET character_set_client = utf8 */;
CREATE TABLE `matrix_configs` (
  `id` int(11) NOT NULL AUTO_INCREMENT,
  `name` varchar(255) COLLATE utf8_unicode_ci DEFAULT NULL,
  `group_id` int(11) DEFAULT NULL,
  `version_id` int(11) DEFAULT NULL,
  `status` int(11) DEFAULT NULL,
  `created_at` datetime NOT NULL,
  `updated_at` datetime NOT NULL,
  `has_results` tinyint(1) DEFAULT NULL,
  PRIMARY KEY (`id`)
) ENGINE=InnoDB AUTO_INCREMENT=24 DEFAULT CHARSET=utf8 COLLATE=utf8_unicode_ci;
/*!40101 SET character_set_client = @saved_cs_client */;

--
-- Dumping data for table `matrix_configs`
--

LOCK TABLES `matrix_configs` WRITE;
/*!40000 ALTER TABLE `matrix_configs` DISABLE KEYS */;
INSERT INTO `matrix_configs` VALUES (5,'D-Matrix',3,NULL,NULL,'2012-08-28 08:43:00','2012-09-05 10:53:35',1),(7,'MatrixOne',5,NULL,NULL,'2012-09-04 07:45:05','2012-09-05 10:51:40',1),(9,'test',3,NULL,NULL,'2012-09-11 01:15:23','2012-09-11 01:15:23',0),(10,'test1',9,NULL,NULL,'2012-10-11 20:59:46','2012-11-10 23:01:00',1),(11,'test2',9,NULL,NULL,'2012-10-11 21:18:56','2012-10-11 21:41:37',0),(13,'fsf',18,NULL,NULL,'2012-10-13 15:59:25','2012-11-09 20:33:33',0),(14,'dsad',18,NULL,NULL,'2012-10-26 13:52:20','2012-10-26 13:57:02',0),(15,'dasd',18,NULL,NULL,'2012-10-26 19:55:42','2012-10-26 19:57:53',0),(16,'aaa',72,NULL,NULL,'2012-11-09 20:17:37','2012-11-09 20:17:37',0),(17,'3434',77,NULL,NULL,'2012-11-09 20:18:01','2012-11-09 20:18:01',0),(18,'233',78,NULL,NULL,'2012-11-09 20:21:18','2012-11-09 20:21:18',0),(19,'34343',79,NULL,NULL,'2012-11-09 20:21:52','2012-11-09 20:21:52',0),(20,'455',80,NULL,NULL,'2012-11-09 20:23:49','2012-11-09 20:23:49',0),(21,'111',81,NULL,NULL,'2012-11-09 20:24:05','2012-11-09 20:24:05',0),(22,'test3',9,NULL,NULL,'2012-11-10 20:12:08','2012-11-10 20:12:08',0),(23,'test4',9,NULL,NULL,'2012-11-10 20:12:57','2012-11-10 20:12:57',0);
/*!40000 ALTER TABLE `matrix_configs` ENABLE KEYS */;
UNLOCK TABLES;

--
-- Table structure for table `matrix_params`
--

DROP TABLE IF EXISTS `matrix_params`;
/*!40101 SET @saved_cs_client     = @@character_set_client */;
/*!40101 SET character_set_client = utf8 */;
CREATE TABLE `matrix_params` (
  `id` int(11) NOT NULL AUTO_INCREMENT,
  `matrix_config_id` int(11) DEFAULT NULL,
  `parameter_id` int(11) DEFAULT NULL,
  `status` int(11) DEFAULT NULL,
  `created_at` datetime NOT NULL,
  `updated_at` datetime NOT NULL,
  PRIMARY KEY (`id`)
) ENGINE=InnoDB AUTO_INCREMENT=102 DEFAULT CHARSET=utf8 COLLATE=utf8_unicode_ci;
/*!40101 SET character_set_client = @saved_cs_client */;

--
-- Dumping data for table `matrix_params`
--

LOCK TABLES `matrix_params` WRITE;
/*!40000 ALTER TABLE `matrix_params` DISABLE KEYS */;
INSERT INTO `matrix_params` VALUES (30,5,1,NULL,'2012-08-28 08:43:24','2012-08-28 08:43:24'),(31,5,4,NULL,'2012-08-28 08:43:35','2012-08-28 08:43:35'),(32,5,5,NULL,'2012-08-28 08:43:51','2012-08-28 08:43:51'),(33,5,28,NULL,'2012-08-28 09:21:36','2012-08-28 09:21:36'),(34,7,4,NULL,'2012-09-04 07:45:48','2012-09-04 07:45:48'),(35,7,5,NULL,'2012-09-04 07:52:54','2012-09-04 07:52:54'),(36,7,29,NULL,'2012-09-04 07:55:33','2012-09-04 07:55:33'),(37,7,30,NULL,'2012-09-04 07:56:30','2012-09-04 07:56:30'),(38,7,31,NULL,'2012-09-04 07:57:35','2012-09-04 07:57:35'),(39,7,1,NULL,'2012-09-04 07:58:28','2012-09-04 07:58:28'),(42,9,4,NULL,'2012-09-11 01:16:28','2012-09-11 01:16:28'),(43,9,5,NULL,'2012-09-11 06:13:54','2012-09-11 06:13:54'),(44,10,1,NULL,'2012-10-11 20:59:58','2012-10-11 20:59:58'),(45,10,5,NULL,'2012-10-11 21:00:04','2012-10-11 21:00:04'),(46,10,29,NULL,'2012-10-11 21:00:09','2012-10-11 21:00:09'),(47,11,1,NULL,'2012-10-11 21:19:05','2012-10-11 21:19:05'),(48,11,5,NULL,'2012-10-11 21:19:10','2012-10-11 21:19:10'),(49,11,4,NULL,'2012-10-11 21:53:26','2012-10-11 21:53:26'),(56,13,4,NULL,'2012-10-13 15:59:36','2012-10-13 15:59:36'),(94,14,4,NULL,'2012-11-09 20:12:03','2012-11-09 20:12:03'),(96,15,30,NULL,'2012-11-09 20:12:30','2012-11-09 20:12:30'),(97,15,29,NULL,'2012-11-09 20:12:37','2012-11-09 20:12:37'),(98,16,1,NULL,'2012-11-09 20:24:20','2012-11-09 20:24:20'),(99,16,5,NULL,'2012-11-09 20:24:27','2012-11-09 20:24:27'),(100,13,5,NULL,'2012-11-09 20:24:38','2012-11-09 20:24:38'),(101,13,29,NULL,'2012-11-09 20:25:01','2012-11-09 20:25:01');
/*!40000 ALTER TABLE `matrix_params` ENABLE KEYS */;
UNLOCK TABLES;

--
-- Table structure for table `matrix_values`
--

DROP TABLE IF EXISTS `matrix_values`;
/*!40101 SET @saved_cs_client     = @@character_set_client */;
/*!40101 SET character_set_client = utf8 */;
CREATE TABLE `matrix_values` (
  `id` int(11) NOT NULL AUTO_INCREMENT,
  `matrix_param_id` int(11) DEFAULT NULL,
  `value_id` int(11) DEFAULT NULL,
  `weight` int(11) DEFAULT NULL,
  `is_chosen` tinyint(1) DEFAULT NULL,
  `status` int(11) DEFAULT NULL,
  `created_at` datetime NOT NULL,
  `updated_at` datetime NOT NULL,
  PRIMARY KEY (`id`)
) ENGINE=InnoDB AUTO_INCREMENT=231 DEFAULT CHARSET=utf8 COLLATE=utf8_unicode_ci;
/*!40101 SET character_set_client = @saved_cs_client */;

--
-- Dumping data for table `matrix_values`
--

LOCK TABLES `matrix_values` WRITE;
/*!40000 ALTER TABLE `matrix_values` DISABLE KEYS */;
INSERT INTO `matrix_values` VALUES (2,22,41,8,1,0,'2012-08-09 05:46:21','2012-08-09 05:46:26'),(3,24,1,5,1,0,'2012-08-09 06:14:03','2012-08-09 06:14:03'),(4,24,34,3,1,0,'2012-08-09 06:28:14','2012-08-09 06:28:14'),(5,25,39,2,1,0,'2012-08-09 06:34:00','2012-08-09 06:34:00'),(6,25,42,8,1,0,'2012-08-09 06:34:23','2012-08-09 06:34:23'),(7,25,43,3,1,0,'2012-08-09 06:34:37','2012-08-09 06:34:37'),(8,25,44,0,1,0,'2012-08-09 06:34:54','2012-08-09 06:34:54'),(9,25,45,2,1,0,'2012-08-09 06:35:11','2012-08-09 06:35:11'),(10,25,46,5,1,0,'2012-08-09 06:35:28','2012-08-09 06:35:28'),(11,26,47,8,1,0,'2012-08-10 03:00:47','2012-08-10 03:00:47'),(12,26,48,9,1,0,'2012-08-10 03:01:03','2012-08-10 03:01:03'),(13,26,49,8,1,0,'2012-08-15 07:58:13','2012-08-15 07:58:13'),(14,26,50,7,1,0,'2012-08-15 07:58:47','2012-08-15 07:58:47'),(15,26,51,6,1,0,'2012-08-15 07:59:04','2012-08-15 07:59:04'),(16,26,52,4,1,0,'2012-08-15 07:59:16','2012-08-15 07:59:16'),(17,26,53,8,1,0,'2012-08-15 07:59:34','2012-08-15 07:59:34'),(18,26,54,6,1,0,'2012-08-15 07:59:59','2012-08-15 07:59:59'),(19,26,55,5,1,0,'2012-08-15 08:00:08','2012-08-15 08:00:08'),(20,26,56,4,1,0,'2012-08-15 08:00:31','2012-08-15 08:00:31'),(21,24,57,7,1,0,'2012-08-15 08:01:14','2012-08-15 08:01:14'),(22,24,58,8,1,0,'2012-08-15 08:01:33','2012-09-04 08:34:54'),(23,24,59,4,1,0,'2012-08-15 08:01:50','2012-08-15 08:01:50'),(24,24,60,7,1,0,'2012-08-15 08:02:01','2012-08-15 08:02:01'),(25,27,34,8,1,NULL,'2012-08-28 05:40:54','2012-08-28 05:40:54'),(26,27,36,9,1,NULL,'2012-08-28 05:41:11','2012-08-28 05:41:11'),(27,27,37,5,1,NULL,'2012-08-28 05:41:25','2012-08-28 05:41:25'),(28,28,39,7,1,NULL,'2012-08-28 05:41:39','2012-08-28 05:41:39'),(29,28,42,8,1,NULL,'2012-08-28 05:41:53','2012-08-28 05:41:53'),(30,28,46,8,1,NULL,'2012-08-28 05:42:09','2012-08-28 05:42:09'),(31,29,47,8,1,NULL,'2012-08-28 05:42:26','2012-08-28 05:42:26'),(32,29,48,3,1,NULL,'2012-08-28 05:42:38','2012-08-28 05:42:38'),(33,29,50,3,1,NULL,'2012-08-28 05:42:53','2012-08-28 05:42:53'),(34,30,1,4,1,NULL,'2012-08-28 08:44:11','2012-08-28 08:44:11'),(35,30,34,4,1,NULL,'2012-08-28 08:44:25','2012-08-28 08:44:25'),(36,30,36,4,1,NULL,'2012-08-28 08:44:40','2012-08-28 08:44:40'),(37,31,39,4,1,NULL,'2012-08-28 08:44:57','2012-08-28 08:44:57'),(38,31,42,4,1,NULL,'2012-08-28 08:45:09','2012-08-28 08:45:09'),(39,31,43,4,1,NULL,'2012-08-28 08:45:20','2012-08-28 08:45:20'),(40,32,47,5,1,NULL,'2012-08-28 08:45:38','2012-08-28 08:45:38'),(41,32,48,5,1,NULL,'2012-08-28 08:45:50','2012-08-28 08:45:50'),(42,33,61,5,1,NULL,'2012-08-28 09:21:56','2012-08-28 09:21:56'),(43,33,62,5,1,NULL,'2012-08-28 09:22:12','2012-08-28 09:22:12'),(44,34,39,5,1,NULL,'2012-09-04 07:46:18','2012-09-04 07:46:18'),(45,34,42,5,1,NULL,'2012-09-04 07:46:32','2012-09-04 07:46:32'),(46,34,43,5,1,NULL,'2012-09-04 07:46:48','2012-09-04 07:46:48'),(47,34,44,6,1,NULL,'2012-09-04 07:47:04','2012-09-04 07:47:04'),(48,34,45,6,1,NULL,'2012-09-04 07:47:21','2012-09-04 07:47:21'),(49,34,46,5,1,NULL,'2012-09-04 07:47:33','2012-09-04 07:47:33'),(50,34,63,5,1,NULL,'2012-09-04 07:47:53','2012-09-04 07:47:53'),(51,34,64,4,1,NULL,'2012-09-04 07:48:09','2012-09-04 07:48:09'),(52,35,47,5,1,NULL,'2012-09-04 07:53:13','2012-09-04 07:53:13'),(53,35,48,5,1,NULL,'2012-09-04 07:53:41','2012-09-04 07:53:41'),(54,35,49,5,1,NULL,'2012-09-04 07:53:50','2012-09-04 07:53:50'),(55,35,50,5,1,NULL,'2012-09-04 07:53:58','2012-09-04 07:53:58'),(56,35,51,5,1,NULL,'2012-09-04 07:54:13','2012-09-04 07:54:13'),(57,35,52,5,1,NULL,'2012-09-04 07:54:24','2012-09-04 07:54:24'),(58,35,53,5,1,NULL,'2012-09-04 07:54:36','2012-09-04 07:54:36'),(59,35,54,5,1,NULL,'2012-09-04 07:54:49','2012-09-04 07:54:49'),(60,35,55,5,1,NULL,'2012-09-04 07:54:59','2012-09-04 07:54:59'),(61,35,56,5,1,NULL,'2012-09-04 07:55:14','2012-09-04 07:55:14'),(62,36,67,5,1,NULL,'2012-09-04 07:55:54','2012-09-04 07:55:54'),(63,36,68,5,1,NULL,'2012-09-04 07:56:03','2012-09-04 07:56:03'),(64,36,69,5,1,NULL,'2012-09-04 07:56:12','2012-09-04 07:56:12'),(65,37,70,6,1,NULL,'2012-09-04 07:56:48','2012-09-04 07:56:48'),(66,37,71,6,1,NULL,'2012-09-04 07:57:02','2012-09-04 07:57:02'),(67,37,72,6,1,NULL,'2012-09-04 07:57:22','2012-09-04 07:57:22'),(68,38,73,6,1,NULL,'2012-09-04 07:57:50','2012-09-04 07:57:50'),(69,38,74,6,1,NULL,'2012-09-04 07:58:00','2012-09-04 07:58:00'),(70,38,75,7,1,NULL,'2012-09-04 07:58:10','2012-09-04 07:58:10'),(71,39,34,5,1,NULL,'2012-09-04 07:58:42','2012-09-04 07:58:42'),(72,39,1,8,1,NULL,'2012-09-04 07:59:04','2012-09-04 07:59:04'),(73,39,57,2,1,NULL,'2012-09-04 07:59:19','2012-09-04 07:59:19'),(74,39,60,4,1,NULL,'2012-09-04 07:59:33','2012-09-04 07:59:33'),(75,39,65,4,1,NULL,'2012-09-04 07:59:44','2012-09-04 07:59:44'),(76,39,66,6,1,NULL,'2012-09-04 07:59:57','2012-09-04 07:59:57'),(77,41,76,22,1,NULL,'2012-09-05 10:24:13','2012-09-05 10:24:40'),(78,42,39,5,1,NULL,'2012-09-11 01:16:52','2012-09-11 01:16:52'),(79,42,42,8,1,NULL,'2012-09-11 06:14:10','2012-09-11 06:14:10'),(80,42,44,8,1,NULL,'2012-09-11 06:14:19','2012-09-11 06:14:19'),(81,43,48,8,1,NULL,'2012-09-11 06:14:31','2012-09-11 06:14:31'),(82,43,51,88,1,NULL,'2012-09-11 06:14:43','2012-09-11 06:14:43'),(83,44,1,3,0,NULL,'2012-10-11 21:00:15','2012-10-11 21:00:15'),(84,44,36,2,0,NULL,'2012-10-11 21:00:19','2012-10-11 21:00:19'),(85,44,37,3,0,NULL,'2012-10-11 21:00:24','2012-10-11 21:00:24'),(86,45,48,3,0,NULL,'2012-10-11 21:00:29','2012-10-11 21:00:29'),(87,45,50,4,0,NULL,'2012-10-11 21:00:33','2012-10-11 21:00:33'),(88,46,68,2,0,NULL,'2012-10-11 21:00:40','2012-10-11 21:00:40'),(89,46,69,3,0,NULL,'2012-10-11 21:00:44','2012-10-11 21:00:44'),(90,46,67,4,0,NULL,'2012-10-11 21:00:48','2012-10-11 21:00:48'),(91,47,1,5,1,NULL,'2012-10-11 21:19:16','2012-10-11 21:27:25'),(92,47,34,6,1,NULL,'2012-10-11 21:19:26','2012-10-11 21:27:31'),(93,47,37,4,1,NULL,'2012-10-11 21:19:52','2012-10-11 21:27:37'),(94,47,38,3,1,NULL,'2012-10-11 21:20:08','2012-10-11 21:27:41'),(95,48,48,2,1,NULL,'2012-10-11 21:22:39','2012-10-11 21:27:47'),(96,48,49,2,1,NULL,'2012-10-11 21:27:54','2012-10-11 21:28:05'),(97,48,50,5,1,NULL,'2012-10-11 21:41:29','2012-10-11 21:51:58'),(98,48,51,4,0,NULL,'2012-10-11 21:42:10','2012-10-11 21:42:10'),(99,48,53,4,0,NULL,'2012-10-11 21:42:34','2012-10-11 21:42:34'),(100,49,39,4,0,NULL,'2012-10-11 21:53:32','2012-10-11 21:53:32'),(101,49,43,5,0,NULL,'2012-10-11 21:53:44','2012-10-11 21:53:44'),(102,49,44,4,0,NULL,'2012-10-12 13:34:02','2012-10-12 13:34:02'),(103,45,49,7,0,NULL,'2012-10-12 15:20:08','2012-10-12 15:20:08'),(104,50,39,6,0,NULL,'2012-10-13 18:00:40','2012-10-13 18:00:40'),(105,80,48,7,0,NULL,'2012-10-13 18:03:04','2012-10-13 18:03:04'),(107,49,45,4,0,NULL,'2012-10-20 19:04:48','2012-10-20 19:05:04'),(109,47,59,5,0,NULL,'2012-10-20 19:28:09','2012-10-20 19:28:09'),(110,49,64,5,0,NULL,'2012-10-20 19:29:45','2012-10-20 19:29:45'),(111,45,51,5,0,NULL,'2012-10-20 19:30:11','2012-10-20 19:30:11'),(112,82,71,5,0,NULL,'2012-10-20 19:31:13','2012-10-20 19:31:13'),(114,82,72,0,0,NULL,'2012-10-20 19:40:58','2012-10-20 19:40:58'),(115,82,70,7,0,NULL,'2012-10-20 19:41:42','2012-10-20 19:41:42'),(116,81,68,12,1,NULL,'2012-10-20 19:42:07','2012-10-20 19:42:07'),(117,81,69,7,0,NULL,'2012-10-20 19:51:52','2012-10-20 19:51:52'),(118,80,49,6,1,NULL,'2012-10-20 19:52:43','2012-10-20 19:52:43'),(120,81,67,5,1,NULL,'2012-10-20 19:55:01','2012-10-20 19:55:01'),(121,50,44,6,0,NULL,'2012-10-20 19:55:26','2012-10-20 19:55:31'),(122,80,50,5,0,NULL,'2012-10-20 19:56:01','2012-10-20 19:56:09'),(123,48,52,5,0,NULL,'2012-10-24 14:42:47','2012-10-24 14:42:47'),(125,56,42,8,0,NULL,'2012-10-24 15:25:35','2012-10-24 15:25:35'),(126,83,42,4,0,NULL,'2012-10-26 13:53:47','2012-10-26 13:54:32'),(127,84,49,5,0,NULL,'2012-10-26 13:53:53','2012-10-26 13:54:50'),(128,84,48,4,0,NULL,'2012-10-26 13:54:00','2012-10-26 13:56:30'),(129,85,74,3,0,NULL,'2012-10-26 13:54:06','2012-10-26 13:56:36'),(130,83,43,5,0,NULL,'2012-10-26 13:54:12','2012-10-26 13:54:42'),(131,84,51,3,0,NULL,'2012-10-26 13:54:18','2012-10-26 13:56:41'),(132,85,75,3,0,NULL,'2012-10-26 13:54:25','2012-10-26 13:55:06'),(133,83,44,3,0,NULL,'2012-10-26 13:54:37','2012-10-26 13:54:46'),(134,85,73,4,0,NULL,'2012-10-26 13:54:56','2012-10-26 13:55:02'),(135,84,50,3,0,NULL,'2012-10-26 13:55:16','2012-10-26 13:55:23'),(136,86,68,4,0,NULL,'2012-10-26 13:56:03','2012-10-26 13:56:08'),(137,86,67,4,0,NULL,'2012-10-26 13:56:19','2012-10-26 13:56:24'),(138,86,69,2,0,NULL,'2012-10-26 13:56:52','2012-10-26 13:56:57'),(140,67,68,8,0,NULL,'2012-10-26 14:20:07','2012-10-26 17:25:24'),(142,58,34,4,0,NULL,'2012-10-26 17:03:39','2012-10-26 17:25:20'),(143,57,48,8,0,NULL,'2012-10-26 17:25:11','2012-10-26 17:25:11'),(144,87,34,5,0,NULL,'2012-10-26 19:34:24','2012-10-26 19:34:24'),(145,87,37,6,0,NULL,'2012-10-26 19:34:29','2012-10-26 19:34:29'),(146,88,42,4,0,NULL,'2012-10-26 19:57:19','2012-10-26 19:57:19'),(147,88,43,4,0,NULL,'2012-10-26 19:57:26','2012-10-26 19:57:26'),(148,89,48,5,0,NULL,'2012-10-26 19:57:32','2012-10-26 19:57:32'),(149,89,49,6,0,NULL,'2012-10-26 19:57:38','2012-10-26 19:57:38'),(150,90,34,6,0,NULL,'2012-10-26 19:57:45','2012-10-26 19:57:45'),(151,90,37,7,0,NULL,'2012-10-26 19:57:50','2012-10-26 19:57:50'),(222,91,56,2,0,NULL,'2012-10-27 20:53:36','2012-11-01 14:03:48'),(224,94,42,4,0,NULL,'2012-11-01 14:03:55','2012-11-01 14:03:55'),(225,44,38,5,0,NULL,'2012-11-01 18:49:23','2012-11-01 18:49:23'),(226,95,43,7,0,NULL,'2012-11-01 20:57:41','2012-11-01 20:57:41'),(227,56,44,3,0,NULL,'2012-11-02 13:41:08','2012-11-02 13:41:08'),(228,100,48,34,0,NULL,'2012-11-09 20:24:49','2012-11-09 20:24:49'),(229,100,51,43,0,NULL,'2012-11-09 20:24:54','2012-11-09 20:24:54'),(230,101,69,32,0,NULL,'2012-11-09 20:25:08','2012-11-09 20:25:08');
/*!40000 ALTER TABLE `matrix_values` ENABLE KEYS */;
UNLOCK TABLES;

--
-- Table structure for table `parameters`
--

DROP TABLE IF EXISTS `parameters`;
/*!40101 SET @saved_cs_client     = @@character_set_client */;
/*!40101 SET character_set_client = utf8 */;
CREATE TABLE `parameters` (
  `id` int(11) NOT NULL AUTO_INCREMENT,
  `name` varchar(255) COLLATE utf8_unicode_ci DEFAULT NULL,
  `weight` float DEFAULT NULL,
  `is_default` tinyint(1) DEFAULT NULL,
  `status` int(11) DEFAULT NULL,
  `created_at` datetime NOT NULL,
  `updated_at` datetime NOT NULL,
  PRIMARY KEY (`id`)
) ENGINE=InnoDB AUTO_INCREMENT=33 DEFAULT CHARSET=utf8 COLLATE=utf8_unicode_ci;
/*!40101 SET character_set_client = @saved_cs_client */;

--
-- Dumping data for table `parameters`
--

LOCK TABLES `parameters` WRITE;
/*!40000 ALTER TABLE `parameters` DISABLE KEYS */;
INSERT INTO `parameters` VALUES (1,'Client-OS',20,1,0,'2012-08-02 01:44:36','2012-09-04 07:35:43'),(4,'Browsers',5,1,0,'2012-08-02 08:31:01','2012-09-04 07:43:22'),(5,'Languages',8,1,0,'2012-08-08 02:06:06','2012-09-04 07:43:38'),(26,'version',8,0,0,'2012-08-08 09:29:38','2012-08-09 07:47:06'),(28,'Version',5,0,0,'2012-08-28 09:21:36','2012-08-28 09:21:36'),(29,'Plug-ins',5,1,0,'2012-09-04 07:39:13','2012-09-04 07:39:13'),(30,'Servers',5,1,0,'2012-09-04 07:40:30','2012-09-04 07:40:30'),(31,'Server-OS',5,1,0,'2012-09-04 07:41:33','2012-09-04 07:41:33'),(32,'4545',5,0,0,'2012-09-05 10:22:01','2012-09-05 10:22:01');
/*!40000 ALTER TABLE `parameters` ENABLE KEYS */;
UNLOCK TABLES;

--
-- Table structure for table `results`
--

DROP TABLE IF EXISTS `results`;
/*!40101 SET @saved_cs_client     = @@character_set_client */;
/*!40101 SET character_set_client = utf8 */;
CREATE TABLE `results` (
  `id` int(11) NOT NULL AUTO_INCREMENT,
  `matrix_param_id` int(11) DEFAULT NULL,
  `value_id` int(11) DEFAULT NULL,
  `has_chosen` tinyint(1) DEFAULT NULL,
  `sort_id` int(11) DEFAULT NULL,
  `created_at` datetime NOT NULL,
  `updated_at` datetime NOT NULL,
  `matrix_config_id` int(11) DEFAULT NULL,
  PRIMARY KEY (`id`)
) ENGINE=InnoDB AUTO_INCREMENT=30408 DEFAULT CHARSET=utf8 COLLATE=utf8_unicode_ci;
/*!40101 SET character_set_client = @saved_cs_client */;

--
-- Dumping data for table `results`
--

LOCK TABLES `results` WRITE;
/*!40000 ALTER TABLE `results` DISABLE KEYS */;
INSERT INTO `results` VALUES (350,24,60,1,0,'2012-08-31 08:02:42','2012-08-31 08:02:42',1),(351,25,43,1,0,'2012-08-31 08:02:42','2012-08-31 08:02:42',1),(352,26,49,1,0,'2012-08-31 08:02:42','2012-08-31 08:02:42',1),(353,24,58,1,1,'2012-08-31 08:02:42','2012-08-31 08:02:42',1),(354,25,45,1,1,'2012-08-31 08:02:42','2012-08-31 08:02:42',1),(355,26,55,1,1,'2012-08-31 08:02:42','2012-08-31 08:02:42',1),(356,24,34,1,2,'2012-08-31 08:02:42','2012-08-31 08:02:42',1),(357,25,46,1,2,'2012-08-31 08:02:42','2012-08-31 08:02:42',1),(358,26,49,1,2,'2012-08-31 08:02:42','2012-08-31 08:02:42',1),(359,24,59,1,3,'2012-08-31 08:02:42','2012-08-31 08:02:42',1),(360,25,42,1,3,'2012-08-31 08:02:42','2012-08-31 08:02:42',1),(361,26,50,1,3,'2012-08-31 08:02:42','2012-08-31 08:02:42',1),(362,24,1,1,4,'2012-08-31 08:02:42','2012-08-31 08:02:42',1),(363,25,43,1,4,'2012-08-31 08:02:42','2012-08-31 08:02:42',1),(364,26,55,1,4,'2012-08-31 08:02:42','2012-08-31 08:02:42',1),(365,24,57,1,5,'2012-08-31 08:02:42','2012-08-31 08:02:42',1),(366,25,39,1,5,'2012-08-31 08:02:42','2012-08-31 08:02:42',1),(367,26,49,1,5,'2012-08-31 08:02:42','2012-08-31 08:02:42',1),(368,24,60,1,6,'2012-08-31 08:02:42','2012-08-31 08:02:42',1),(369,25,44,1,6,'2012-08-31 08:02:42','2012-08-31 08:02:42',1),(370,26,55,1,6,'2012-08-31 08:02:42','2012-08-31 08:02:42',1),(371,24,1,1,7,'2012-08-31 08:02:42','2012-08-31 08:02:42',1),(372,25,44,1,7,'2012-08-31 08:02:42','2012-08-31 08:02:42',1),(373,26,53,1,7,'2012-08-31 08:02:42','2012-08-31 08:02:42',1),(374,24,57,1,8,'2012-08-31 08:02:42','2012-08-31 08:02:42',1),(375,25,45,1,8,'2012-08-31 08:02:42','2012-08-31 08:02:42',1),(376,26,50,1,8,'2012-08-31 08:02:42','2012-08-31 08:02:42',1),(377,24,58,1,9,'2012-08-31 08:02:42','2012-08-31 08:02:42',1),(378,25,42,1,9,'2012-08-31 08:02:43','2012-08-31 08:02:43',1),(379,26,49,1,9,'2012-08-31 08:02:43','2012-08-31 08:02:43',1),(380,24,60,1,10,'2012-08-31 08:02:43','2012-08-31 08:02:43',1),(381,25,39,1,10,'2012-08-31 08:02:43','2012-08-31 08:02:43',1),(382,26,48,1,10,'2012-08-31 08:02:43','2012-08-31 08:02:43',1),(383,24,34,1,11,'2012-08-31 08:02:43','2012-08-31 08:02:43',1),(384,25,44,1,11,'2012-08-31 08:02:43','2012-08-31 08:02:43',1),(385,26,51,1,11,'2012-08-31 08:02:43','2012-08-31 08:02:43',1),(386,24,60,1,12,'2012-08-31 08:02:43','2012-08-31 08:02:43',1),(387,25,46,1,12,'2012-08-31 08:02:43','2012-08-31 08:02:43',1),(388,26,50,1,12,'2012-08-31 08:02:43','2012-08-31 08:02:43',1),(389,24,59,1,13,'2012-08-31 08:02:43','2012-08-31 08:02:43',1),(390,25,46,1,13,'2012-08-31 08:02:43','2012-08-31 08:02:43',1),(391,26,56,1,13,'2012-08-31 08:02:43','2012-08-31 08:02:43',1),(392,24,1,1,14,'2012-08-31 08:02:43','2012-08-31 08:02:43',1),(393,25,39,1,14,'2012-08-31 08:02:43','2012-08-31 08:02:43',1),(394,26,50,1,14,'2012-08-31 08:02:43','2012-08-31 08:02:43',1),(395,24,58,1,15,'2012-08-31 08:02:43','2012-08-31 08:02:43',1),(396,25,43,1,15,'2012-08-31 08:02:43','2012-08-31 08:02:43',1),(397,26,53,1,15,'2012-08-31 08:02:43','2012-08-31 08:02:43',1),(398,24,57,1,16,'2012-08-31 08:02:43','2012-08-31 08:02:43',1),(399,25,42,1,16,'2012-08-31 08:02:43','2012-08-31 08:02:43',1),(400,26,48,1,16,'2012-08-31 08:02:43','2012-08-31 08:02:43',1),(401,24,34,1,17,'2012-08-31 08:02:43','2012-08-31 08:02:43',1),(402,25,42,1,17,'2012-08-31 08:02:43','2012-08-31 08:02:43',1),(403,26,55,1,17,'2012-08-31 08:02:43','2012-08-31 08:02:43',1),(404,24,59,1,18,'2012-08-31 08:02:43','2012-08-31 08:02:43',1),(405,25,45,1,18,'2012-08-31 08:02:43','2012-08-31 08:02:43',1),(406,26,48,1,18,'2012-08-31 08:02:43','2012-08-31 08:02:43',1),(407,24,60,1,19,'2012-08-31 08:02:43','2012-08-31 08:02:43',1),(408,25,45,1,19,'2012-08-31 08:02:43','2012-08-31 08:02:43',1),(409,26,47,1,19,'2012-08-31 08:02:43','2012-08-31 08:02:43',1),(410,24,57,1,20,'2012-08-31 08:02:43','2012-08-31 08:02:43',1),(411,25,46,1,20,'2012-08-31 08:02:43','2012-08-31 08:02:43',1),(412,26,52,1,20,'2012-08-31 08:02:44','2012-08-31 08:02:44',1),(413,24,34,1,21,'2012-08-31 08:02:44','2012-08-31 08:02:44',1),(414,25,39,1,21,'2012-08-31 08:02:44','2012-08-31 08:02:44',1),(415,26,54,1,21,'2012-08-31 08:02:44','2012-08-31 08:02:44',1),(416,24,1,1,22,'2012-08-31 08:02:44','2012-08-31 08:02:44',1),(417,25,45,1,22,'2012-08-31 08:02:44','2012-08-31 08:02:44',1),(418,26,51,1,22,'2012-08-31 08:02:44','2012-08-31 08:02:44',1),(419,24,59,1,23,'2012-08-31 08:02:44','2012-08-31 08:02:44',1),(420,25,43,1,23,'2012-08-31 08:02:44','2012-08-31 08:02:44',1),(421,26,54,1,23,'2012-08-31 08:02:44','2012-08-31 08:02:44',1),(422,24,59,1,24,'2012-08-31 08:02:44','2012-08-31 08:02:44',1),(423,25,44,1,24,'2012-08-31 08:02:44','2012-08-31 08:02:44',1),(424,26,47,1,24,'2012-08-31 08:02:44','2012-08-31 08:02:44',1),(425,24,58,1,25,'2012-08-31 08:02:44','2012-08-31 08:02:44',1),(426,25,39,1,25,'2012-08-31 08:02:44','2012-08-31 08:02:44',1),(427,26,56,1,25,'2012-08-31 08:02:44','2012-08-31 08:02:44',1),(428,24,34,1,26,'2012-08-31 08:02:44','2012-08-31 08:02:44',1),(429,25,43,1,26,'2012-08-31 08:02:44','2012-08-31 08:02:44',1),(430,26,52,1,26,'2012-08-31 08:02:44','2012-08-31 08:02:44',1),(431,24,58,1,27,'2012-08-31 08:02:44','2012-08-31 08:02:44',1),(432,25,44,1,27,'2012-08-31 08:02:44','2012-08-31 08:02:44',1),(433,26,54,1,27,'2012-08-31 08:02:44','2012-08-31 08:02:44',1),(434,24,34,1,28,'2012-08-31 08:02:44','2012-08-31 08:02:44',1),(435,25,45,1,28,'2012-08-31 08:02:44','2012-08-31 08:02:44',1),(436,26,53,1,28,'2012-08-31 08:02:44','2012-08-31 08:02:44',1),(437,24,60,1,29,'2012-08-31 08:02:44','2012-08-31 08:02:44',1),(438,25,42,1,29,'2012-08-31 08:02:44','2012-08-31 08:02:44',1),(439,26,51,1,29,'2012-08-31 08:02:44','2012-08-31 08:02:44',1),(440,24,1,1,30,'2012-08-31 08:02:44','2012-08-31 08:02:44',1),(441,25,42,1,30,'2012-08-31 08:02:44','2012-08-31 08:02:44',1),(442,26,47,1,30,'2012-08-31 08:02:44','2012-08-31 08:02:44',1),(443,24,57,1,31,'2012-08-31 08:02:45','2012-08-31 08:02:45',1),(444,25,44,1,31,'2012-08-31 08:02:45','2012-08-31 08:02:45',1),(445,26,56,1,31,'2012-08-31 08:02:45','2012-08-31 08:02:45',1),(446,24,59,1,32,'2012-08-31 08:02:45','2012-08-31 08:02:45',1),(447,25,39,1,32,'2012-08-31 08:02:45','2012-08-31 08:02:45',1),(448,26,52,1,32,'2012-08-31 08:02:45','2012-08-31 08:02:45',1),(449,24,1,1,33,'2012-08-31 08:02:45','2012-08-31 08:02:45',1),(450,25,46,1,33,'2012-08-31 08:02:45','2012-08-31 08:02:45',1),(451,26,54,1,33,'2012-08-31 08:02:45','2012-08-31 08:02:45',1),(452,24,57,1,34,'2012-08-31 08:02:45','2012-08-31 08:02:45',1),(453,25,43,1,34,'2012-08-31 08:02:45','2012-08-31 08:02:45',1),(454,26,56,1,34,'2012-08-31 08:02:45','2012-08-31 08:02:45',1),(455,24,58,1,35,'2012-08-31 08:02:45','2012-08-31 08:02:45',1),(456,25,46,1,35,'2012-08-31 08:02:45','2012-08-31 08:02:45',1),(457,26,47,1,35,'2012-08-31 08:02:45','2012-08-31 08:02:45',1),(458,24,57,1,36,'2012-08-31 08:02:45','2012-08-31 08:02:45',1),(459,25,39,1,36,'2012-08-31 08:02:45','2012-08-31 08:02:45',1),(460,26,53,1,36,'2012-08-31 08:02:45','2012-08-31 08:02:45',1),(461,24,1,1,37,'2012-08-31 08:02:45','2012-08-31 08:02:45',1),(462,25,45,1,37,'2012-08-31 08:02:45','2012-08-31 08:02:45',1),(463,26,52,1,37,'2012-08-31 08:02:45','2012-08-31 08:02:45',1),(464,24,1,1,38,'2012-08-31 08:02:45','2012-08-31 08:02:45',1),(465,25,46,1,38,'2012-08-31 08:02:45','2012-08-31 08:02:45',1),(466,26,48,1,38,'2012-08-31 08:02:45','2012-08-31 08:02:45',1),(467,24,59,1,39,'2012-08-31 08:02:45','2012-08-31 08:02:45',1),(468,25,46,1,39,'2012-08-31 08:02:45','2012-08-31 08:02:45',1),(469,26,51,1,39,'2012-08-31 08:02:45','2012-08-31 08:02:45',1),(470,24,60,1,40,'2012-08-31 08:02:46','2012-08-31 08:02:46',1),(471,25,45,1,40,'2012-08-31 08:02:46','2012-08-31 08:02:46',1),(472,26,54,1,40,'2012-08-31 08:02:46','2012-08-31 08:02:46',1),(473,24,57,1,41,'2012-08-31 08:02:46','2012-08-31 08:02:46',1),(474,25,43,1,41,'2012-08-31 08:02:46','2012-08-31 08:02:46',1),(475,26,47,1,41,'2012-08-31 08:02:46','2012-08-31 08:02:46',1),(476,24,60,1,42,'2012-08-31 08:02:46','2012-08-31 08:02:46',1),(477,25,42,1,42,'2012-08-31 08:02:46','2012-08-31 08:02:46',1),(478,26,52,1,42,'2012-08-31 08:02:46','2012-08-31 08:02:46',1),(479,24,60,1,43,'2012-08-31 08:02:46','2012-08-31 08:02:46',1),(480,25,42,1,43,'2012-08-31 08:02:46','2012-08-31 08:02:46',1),(481,26,53,1,43,'2012-08-31 08:02:46','2012-08-31 08:02:46',1),(482,24,58,1,44,'2012-08-31 08:02:46','2012-08-31 08:02:46',1),(483,25,39,1,44,'2012-08-31 08:02:46','2012-08-31 08:02:46',1),(484,26,51,1,44,'2012-08-31 08:02:46','2012-08-31 08:02:46',1),(485,24,34,1,45,'2012-08-31 08:02:46','2012-08-31 08:02:46',1),(486,25,44,1,45,'2012-08-31 08:02:46','2012-08-31 08:02:46',1),(487,26,48,1,45,'2012-08-31 08:02:46','2012-08-31 08:02:46',1),(488,24,58,1,46,'2012-08-31 08:02:46','2012-08-31 08:02:46',1),(489,25,44,1,46,'2012-08-31 08:02:46','2012-08-31 08:02:46',1),(490,26,50,1,46,'2012-08-31 08:02:46','2012-08-31 08:02:46',1),(491,24,59,1,47,'2012-08-31 08:02:46','2012-08-31 08:02:46',1),(492,25,46,1,47,'2012-08-31 08:02:46','2012-08-31 08:02:46',1),(493,26,55,1,47,'2012-08-31 08:02:46','2012-08-31 08:02:46',1),(494,24,1,1,48,'2012-08-31 08:02:46','2012-08-31 08:02:46',1),(495,25,44,1,48,'2012-08-31 08:02:46','2012-08-31 08:02:46',1),(496,26,49,1,48,'2012-08-31 08:02:46','2012-08-31 08:02:46',1),(497,24,1,1,49,'2012-08-31 08:02:46','2012-08-31 08:02:46',1),(498,25,45,1,49,'2012-08-31 08:02:46','2012-08-31 08:02:46',1),(499,26,56,1,49,'2012-08-31 08:02:46','2012-08-31 08:02:46',1),(500,24,34,1,50,'2012-08-31 08:02:46','2012-08-31 08:02:46',1),(501,25,43,1,50,'2012-08-31 08:02:46','2012-08-31 08:02:46',1),(502,26,50,1,50,'2012-08-31 08:02:47','2012-08-31 08:02:47',1),(503,24,34,1,51,'2012-08-31 08:02:47','2012-08-31 08:02:47',1),(504,25,39,1,51,'2012-08-31 08:02:47','2012-08-31 08:02:47',1),(505,26,47,1,51,'2012-08-31 08:02:47','2012-08-31 08:02:47',1),(506,24,57,1,52,'2012-08-31 08:02:47','2012-08-31 08:02:47',1),(507,25,39,1,52,'2012-08-31 08:02:47','2012-08-31 08:02:47',1),(508,26,55,1,52,'2012-08-31 08:02:47','2012-08-31 08:02:47',1),(509,24,59,1,53,'2012-08-31 08:02:47','2012-08-31 08:02:47',1),(510,25,46,1,53,'2012-08-31 08:02:47','2012-08-31 08:02:47',1),(511,26,53,1,53,'2012-08-31 08:02:47','2012-08-31 08:02:47',1),(512,24,59,1,54,'2012-08-31 08:02:47','2012-08-31 08:02:47',1),(513,25,45,1,54,'2012-08-31 08:02:47','2012-08-31 08:02:47',1),(514,26,49,1,54,'2012-08-31 08:02:47','2012-08-31 08:02:47',1),(515,24,58,1,55,'2012-08-31 08:02:47','2012-08-31 08:02:47',1),(516,25,43,1,55,'2012-08-31 08:02:47','2012-08-31 08:02:47',1),(517,26,48,1,55,'2012-08-31 08:02:47','2012-08-31 08:02:47',1),(518,24,57,1,56,'2012-08-31 08:02:47','2012-08-31 08:02:47',1),(519,25,42,1,56,'2012-08-31 08:02:47','2012-08-31 08:02:47',1),(520,26,54,1,56,'2012-08-31 08:02:47','2012-08-31 08:02:47',1),(521,24,34,1,57,'2012-08-31 08:02:47','2012-08-31 08:02:47',1),(522,25,42,1,57,'2012-08-31 08:02:47','2012-08-31 08:02:47',1),(523,26,56,1,57,'2012-08-31 08:02:47','2012-08-31 08:02:47',1),(524,24,57,1,58,'2012-08-31 08:02:47','2012-08-31 08:02:47',1),(525,25,43,1,58,'2012-08-31 08:02:47','2012-08-31 08:02:47',1),(526,26,51,1,58,'2012-08-31 08:02:47','2012-08-31 08:02:47',1),(527,24,58,1,59,'2012-08-31 08:02:47','2012-08-31 08:02:47',1),(528,25,44,1,59,'2012-08-31 08:02:47','2012-08-31 08:02:47',1),(529,26,52,1,59,'2012-08-31 08:02:47','2012-08-31 08:02:47',1),(530,24,34,1,60,'2012-08-31 08:02:47','2012-08-31 08:02:47',1),(531,25,39,1,60,'2012-08-31 08:02:48','2012-08-31 08:02:48',1),(532,26,48,1,60,'2012-08-31 08:02:48','2012-08-31 08:02:48',1),(533,24,60,1,61,'2012-08-31 08:02:48','2012-08-31 08:02:48',1),(534,25,45,1,61,'2012-08-31 08:02:48','2012-08-31 08:02:48',1),(535,26,56,1,61,'2012-08-31 08:02:48','2012-08-31 08:02:48',1),(536,27,34,1,0,'2012-09-04 02:57:41','2012-09-04 02:57:41',4),(537,28,42,1,0,'2012-09-04 02:57:42','2012-09-04 02:57:42',4),(538,29,47,1,0,'2012-09-04 02:57:42','2012-09-04 02:57:42',4),(539,27,36,1,1,'2012-09-04 02:57:42','2012-09-04 02:57:42',4),(540,28,46,1,1,'2012-09-04 02:57:42','2012-09-04 02:57:42',4),(541,29,50,1,1,'2012-09-04 02:57:42','2012-09-04 02:57:42',4),(542,27,34,1,2,'2012-09-04 02:57:42','2012-09-04 02:57:42',4),(543,28,39,1,2,'2012-09-04 02:57:42','2012-09-04 02:57:42',4),(544,29,50,1,2,'2012-09-04 02:57:42','2012-09-04 02:57:42',4),(545,27,34,1,3,'2012-09-04 02:57:42','2012-09-04 02:57:42',4),(546,28,46,1,3,'2012-09-04 02:57:42','2012-09-04 02:57:42',4),(547,29,48,1,3,'2012-09-04 02:57:42','2012-09-04 02:57:42',4),(548,27,37,1,4,'2012-09-04 02:57:42','2012-09-04 02:57:42',4),(549,28,42,1,4,'2012-09-04 02:57:42','2012-09-04 02:57:42',4),(550,29,48,1,4,'2012-09-04 02:57:42','2012-09-04 02:57:42',4),(551,27,36,1,5,'2012-09-04 02:57:42','2012-09-04 02:57:42',4),(552,28,39,1,5,'2012-09-04 02:57:42','2012-09-04 02:57:42',4),(553,29,48,1,5,'2012-09-04 02:57:42','2012-09-04 02:57:42',4),(554,27,37,1,6,'2012-09-04 02:57:42','2012-09-04 02:57:42',4),(555,28,46,1,6,'2012-09-04 02:57:42','2012-09-04 02:57:42',4),(556,29,47,1,6,'2012-09-04 02:57:42','2012-09-04 02:57:42',4),(557,27,36,1,7,'2012-09-04 02:57:42','2012-09-04 02:57:42',4),(558,28,42,1,7,'2012-09-04 02:57:42','2012-09-04 02:57:42',4),(559,29,47,1,7,'2012-09-04 02:57:42','2012-09-04 02:57:42',4),(560,27,37,1,8,'2012-09-04 02:57:42','2012-09-04 02:57:42',4),(561,28,39,1,8,'2012-09-04 02:57:42','2012-09-04 02:57:42',4),(562,29,47,1,8,'2012-09-04 02:57:42','2012-09-04 02:57:42',4),(563,27,37,1,9,'2012-09-04 02:57:42','2012-09-04 02:57:42',4),(564,28,39,1,9,'2012-09-04 02:57:42','2012-09-04 02:57:42',4),(565,29,50,1,9,'2012-09-04 02:57:42','2012-09-04 02:57:42',4),(566,34,42,1,0,'2012-09-04 08:07:08','2012-09-04 08:07:08',7),(567,35,47,1,0,'2012-09-04 08:07:08','2012-09-04 08:07:08',7),(568,36,69,1,0,'2012-09-04 08:07:08','2012-09-04 08:07:08',7),(569,37,71,1,0,'2012-09-04 08:07:08','2012-09-04 08:07:08',7),(570,38,75,1,0,'2012-09-04 08:07:08','2012-09-04 08:07:08',7),(571,39,60,1,0,'2012-09-04 08:07:08','2012-09-04 08:07:08',7),(572,34,63,1,1,'2012-09-04 08:07:08','2012-09-04 08:07:08',7),(573,35,52,1,1,'2012-09-04 08:07:08','2012-09-04 08:07:08',7),(574,36,67,1,1,'2012-09-04 08:07:08','2012-09-04 08:07:08',7),(575,37,71,1,1,'2012-09-04 08:07:08','2012-09-04 08:07:08',7),(576,38,73,1,1,'2012-09-04 08:07:08','2012-09-04 08:07:08',7),(577,39,34,1,1,'2012-09-04 08:07:08','2012-09-04 08:07:08',7),(578,34,43,1,2,'2012-09-04 08:07:09','2012-09-04 08:07:09',7),(579,35,56,1,2,'2012-09-04 08:07:09','2012-09-04 08:07:09',7),(580,36,68,1,2,'2012-09-04 08:07:09','2012-09-04 08:07:09',7),(581,37,70,1,2,'2012-09-04 08:07:09','2012-09-04 08:07:09',7),(582,38,73,1,2,'2012-09-04 08:07:09','2012-09-04 08:07:09',7),(583,39,57,1,2,'2012-09-04 08:07:09','2012-09-04 08:07:09',7),(584,34,64,1,3,'2012-09-04 08:07:09','2012-09-04 08:07:09',7),(585,35,50,1,3,'2012-09-04 08:07:09','2012-09-04 08:07:09',7),(586,36,68,1,3,'2012-09-04 08:07:09','2012-09-04 08:07:09',7),(587,37,72,1,3,'2012-09-04 08:07:09','2012-09-04 08:07:09',7),(588,38,74,1,3,'2012-09-04 08:07:09','2012-09-04 08:07:09',7),(589,39,1,1,3,'2012-09-04 08:07:09','2012-09-04 08:07:09',7),(590,34,39,1,4,'2012-09-04 08:07:09','2012-09-04 08:07:09',7),(591,35,55,1,4,'2012-09-04 08:07:09','2012-09-04 08:07:09',7),(592,36,69,1,4,'2012-09-04 08:07:09','2012-09-04 08:07:09',7),(593,37,72,1,4,'2012-09-04 08:07:09','2012-09-04 08:07:09',7),(594,38,73,1,4,'2012-09-04 08:07:09','2012-09-04 08:07:09',7),(595,39,66,1,4,'2012-09-04 08:07:09','2012-09-04 08:07:09',7),(596,34,46,1,5,'2012-09-04 08:07:09','2012-09-04 08:07:09',7),(597,35,50,1,5,'2012-09-04 08:07:09','2012-09-04 08:07:09',7),(598,36,67,1,5,'2012-09-04 08:07:09','2012-09-04 08:07:09',7),(599,37,70,1,5,'2012-09-04 08:07:09','2012-09-04 08:07:09',7),(600,38,75,1,5,'2012-09-04 08:07:09','2012-09-04 08:07:09',7),(601,39,65,1,5,'2012-09-04 08:07:09','2012-09-04 08:07:09',7),(602,34,44,1,6,'2012-09-04 08:07:09','2012-09-04 08:07:09',7),(603,35,53,1,6,'2012-09-04 08:07:10','2012-09-04 08:07:10',7),(604,36,69,1,6,'2012-09-04 08:07:10','2012-09-04 08:07:10',7),(605,37,70,1,6,'2012-09-04 08:07:10','2012-09-04 08:07:10',7),(606,38,74,1,6,'2012-09-04 08:07:10','2012-09-04 08:07:10',7),(607,39,34,1,6,'2012-09-04 08:07:10','2012-09-04 08:07:10',7),(608,34,45,1,7,'2012-09-04 08:07:10','2012-09-04 08:07:10',7),(609,35,49,1,7,'2012-09-04 08:07:10','2012-09-04 08:07:10',7),(610,36,67,1,7,'2012-09-04 08:07:10','2012-09-04 08:07:10',7),(611,37,72,1,7,'2012-09-04 08:07:10','2012-09-04 08:07:10',7),(612,38,74,1,7,'2012-09-04 08:07:10','2012-09-04 08:07:10',7),(613,39,60,1,7,'2012-09-04 08:07:10','2012-09-04 08:07:10',7),(614,34,46,1,8,'2012-09-04 08:07:10','2012-09-04 08:07:10',7),(615,35,54,1,8,'2012-09-04 08:07:10','2012-09-04 08:07:10',7),(616,36,68,1,8,'2012-09-04 08:07:10','2012-09-04 08:07:10',7),(617,37,71,1,8,'2012-09-04 08:07:10','2012-09-04 08:07:10',7),(618,38,74,1,8,'2012-09-04 08:07:10','2012-09-04 08:07:10',7),(619,39,66,1,8,'2012-09-04 08:07:10','2012-09-04 08:07:10',7),(620,34,44,1,9,'2012-09-04 08:07:10','2012-09-04 08:07:10',7),(621,35,51,1,9,'2012-09-04 08:07:10','2012-09-04 08:07:10',7),(622,36,68,1,9,'2012-09-04 08:07:10','2012-09-04 08:07:10',7),(623,37,72,1,9,'2012-09-04 08:07:10','2012-09-04 08:07:10',7),(624,38,75,1,9,'2012-09-04 08:07:10','2012-09-04 08:07:10',7),(625,39,57,1,9,'2012-09-04 08:07:10','2012-09-04 08:07:10',7),(626,34,42,1,10,'2012-09-04 08:07:10','2012-09-04 08:07:10',7),(627,35,48,1,10,'2012-09-04 08:07:10','2012-09-04 08:07:10',7),(628,36,68,1,10,'2012-09-04 08:07:10','2012-09-04 08:07:10',7),(629,37,72,1,10,'2012-09-04 08:07:10','2012-09-04 08:07:10',7),(630,38,74,1,10,'2012-09-04 08:07:10','2012-09-04 08:07:10',7),(631,39,65,1,10,'2012-09-04 08:07:10','2012-09-04 08:07:10',7),(632,34,45,1,11,'2012-09-04 08:07:10','2012-09-04 08:07:10',7),(633,35,54,1,11,'2012-09-04 08:07:10','2012-09-04 08:07:10',7),(634,36,69,1,11,'2012-09-04 08:07:10','2012-09-04 08:07:10',7),(635,37,70,1,11,'2012-09-04 08:07:10','2012-09-04 08:07:10',7),(636,38,73,1,11,'2012-09-04 08:07:10','2012-09-04 08:07:10',7),(637,39,1,1,11,'2012-09-04 08:07:11','2012-09-04 08:07:11',7),(638,34,43,1,12,'2012-09-04 08:07:11','2012-09-04 08:07:11',7),(639,35,53,1,12,'2012-09-04 08:07:11','2012-09-04 08:07:11',7),(640,36,67,1,12,'2012-09-04 08:07:11','2012-09-04 08:07:11',7),(641,37,71,1,12,'2012-09-04 08:07:11','2012-09-04 08:07:11',7),(642,38,75,1,12,'2012-09-04 08:07:11','2012-09-04 08:07:11',7),(643,39,1,1,12,'2012-09-04 08:07:11','2012-09-04 08:07:11',7),(644,34,39,1,13,'2012-09-04 08:07:11','2012-09-04 08:07:11',7),(645,35,56,1,13,'2012-09-04 08:07:11','2012-09-04 08:07:11',7),(646,36,67,1,13,'2012-09-04 08:07:11','2012-09-04 08:07:11',7),(647,37,71,1,13,'2012-09-04 08:07:11','2012-09-04 08:07:11',7),(648,38,74,1,13,'2012-09-04 08:07:11','2012-09-04 08:07:11',7),(649,39,57,1,13,'2012-09-04 08:07:11','2012-09-04 08:07:11',7),(650,34,64,1,14,'2012-09-04 08:07:11','2012-09-04 08:07:11',7),(651,35,48,1,14,'2012-09-04 08:07:11','2012-09-04 08:07:11',7),(652,36,67,1,14,'2012-09-04 08:07:11','2012-09-04 08:07:11',7),(653,37,70,1,14,'2012-09-04 08:07:11','2012-09-04 08:07:11',7),(654,38,75,1,14,'2012-09-04 08:07:11','2012-09-04 08:07:11',7),(655,39,66,1,14,'2012-09-04 08:07:11','2012-09-04 08:07:11',7),(656,34,63,1,15,'2012-09-04 08:07:11','2012-09-04 08:07:11',7),(657,35,55,1,15,'2012-09-04 08:07:11','2012-09-04 08:07:11',7),(658,36,68,1,15,'2012-09-04 08:07:11','2012-09-04 08:07:11',7),(659,37,70,1,15,'2012-09-04 08:07:11','2012-09-04 08:07:11',7),(660,38,75,1,15,'2012-09-04 08:07:11','2012-09-04 08:07:11',7),(661,39,60,1,15,'2012-09-04 08:07:11','2012-09-04 08:07:11',7),(662,34,43,1,16,'2012-09-04 08:07:11','2012-09-04 08:07:11',7),(663,35,52,1,16,'2012-09-04 08:07:11','2012-09-04 08:07:11',7),(664,36,69,1,16,'2012-09-04 08:07:11','2012-09-04 08:07:11',7),(665,37,72,1,16,'2012-09-04 08:07:12','2012-09-04 08:07:12',7),(666,38,74,1,16,'2012-09-04 08:07:12','2012-09-04 08:07:12',7),(667,39,65,1,16,'2012-09-04 08:07:12','2012-09-04 08:07:12',7),(668,34,64,1,17,'2012-09-04 08:07:12','2012-09-04 08:07:12',7),(669,35,51,1,17,'2012-09-04 08:07:12','2012-09-04 08:07:12',7),(670,36,69,1,17,'2012-09-04 08:07:12','2012-09-04 08:07:12',7),(671,37,71,1,17,'2012-09-04 08:07:12','2012-09-04 08:07:12',7),(672,38,73,1,17,'2012-09-04 08:07:12','2012-09-04 08:07:12',7),(673,39,65,1,17,'2012-09-04 08:07:12','2012-09-04 08:07:12',7),(674,34,46,1,18,'2012-09-04 08:07:12','2012-09-04 08:07:12',7),(675,35,47,1,18,'2012-09-04 08:07:12','2012-09-04 08:07:12',7),(676,36,68,1,18,'2012-09-04 08:07:12','2012-09-04 08:07:12',7),(677,37,72,1,18,'2012-09-04 08:07:12','2012-09-04 08:07:12',7),(678,38,73,1,18,'2012-09-04 08:07:12','2012-09-04 08:07:12',7),(679,39,34,1,18,'2012-09-04 08:07:12','2012-09-04 08:07:12',7),(680,34,39,1,19,'2012-09-04 08:07:12','2012-09-04 08:07:12',7),(681,35,49,1,19,'2012-09-04 08:07:12','2012-09-04 08:07:12',7),(682,36,68,1,19,'2012-09-04 08:07:12','2012-09-04 08:07:12',7),(683,37,70,1,19,'2012-09-04 08:07:12','2012-09-04 08:07:12',7),(684,38,75,1,19,'2012-09-04 08:07:12','2012-09-04 08:07:12',7),(685,39,34,1,19,'2012-09-04 08:07:12','2012-09-04 08:07:12',7),(686,34,42,1,20,'2012-09-04 08:07:12','2012-09-04 08:07:12',7),(687,35,51,1,20,'2012-09-04 08:07:12','2012-09-04 08:07:12',7),(688,36,67,1,20,'2012-09-04 08:07:12','2012-09-04 08:07:12',7),(689,37,70,1,20,'2012-09-04 08:07:12','2012-09-04 08:07:12',7),(690,38,73,1,20,'2012-09-04 08:07:12','2012-09-04 08:07:12',7),(691,39,34,1,20,'2012-09-04 08:07:12','2012-09-04 08:07:12',7),(692,34,44,1,21,'2012-09-04 08:07:12','2012-09-04 08:07:12',7),(693,35,48,1,21,'2012-09-04 08:07:12','2012-09-04 08:07:12',7),(694,36,67,1,21,'2012-09-04 08:07:12','2012-09-04 08:07:12',7),(695,37,71,1,21,'2012-09-04 08:07:12','2012-09-04 08:07:12',7),(696,38,73,1,21,'2012-09-04 08:07:12','2012-09-04 08:07:12',7),(697,39,60,1,21,'2012-09-04 08:07:12','2012-09-04 08:07:12',7),(698,34,63,1,22,'2012-09-04 08:07:12','2012-09-04 08:07:12',7),(699,35,56,1,22,'2012-09-04 08:07:13','2012-09-04 08:07:13',7),(700,36,69,1,22,'2012-09-04 08:07:13','2012-09-04 08:07:13',7),(701,37,72,1,22,'2012-09-04 08:07:13','2012-09-04 08:07:13',7),(702,38,75,1,22,'2012-09-04 08:07:13','2012-09-04 08:07:13',7),(703,39,65,1,22,'2012-09-04 08:07:13','2012-09-04 08:07:13',7),(704,34,45,1,23,'2012-09-04 08:07:13','2012-09-04 08:07:13',7),(705,35,52,1,23,'2012-09-04 08:07:13','2012-09-04 08:07:13',7),(706,36,68,1,23,'2012-09-04 08:07:13','2012-09-04 08:07:13',7),(707,37,71,1,23,'2012-09-04 08:07:13','2012-09-04 08:07:13',7),(708,38,75,1,23,'2012-09-04 08:07:13','2012-09-04 08:07:13',7),(709,39,66,1,23,'2012-09-04 08:07:13','2012-09-04 08:07:13',7),(710,34,63,1,24,'2012-09-04 08:07:13','2012-09-04 08:07:13',7),(711,35,47,1,24,'2012-09-04 08:07:13','2012-09-04 08:07:13',7),(712,36,67,1,24,'2012-09-04 08:07:13','2012-09-04 08:07:13',7),(713,37,70,1,24,'2012-09-04 08:07:13','2012-09-04 08:07:13',7),(714,38,74,1,24,'2012-09-04 08:07:13','2012-09-04 08:07:13',7),(715,39,1,1,24,'2012-09-04 08:07:13','2012-09-04 08:07:13',7),(716,34,46,1,25,'2012-09-04 08:07:13','2012-09-04 08:07:13',7),(717,35,53,1,25,'2012-09-04 08:07:13','2012-09-04 08:07:13',7),(718,36,69,1,25,'2012-09-04 08:07:13','2012-09-04 08:07:13',7),(719,37,72,1,25,'2012-09-04 08:07:13','2012-09-04 08:07:13',7),(720,38,73,1,25,'2012-09-04 08:07:13','2012-09-04 08:07:13',7),(721,39,57,1,25,'2012-09-04 08:07:13','2012-09-04 08:07:13',7),(722,34,43,1,26,'2012-09-04 08:07:13','2012-09-04 08:07:13',7),(723,35,54,1,26,'2012-09-04 08:07:13','2012-09-04 08:07:13',7),(724,36,67,1,26,'2012-09-04 08:07:13','2012-09-04 08:07:13',7),(725,37,72,1,26,'2012-09-04 08:07:13','2012-09-04 08:07:13',7),(726,38,75,1,26,'2012-09-04 08:07:13','2012-09-04 08:07:13',7),(727,39,34,1,26,'2012-09-04 08:07:13','2012-09-04 08:07:13',7),(728,34,63,1,27,'2012-09-04 08:07:13','2012-09-04 08:07:13',7),(729,35,49,1,27,'2012-09-04 08:07:13','2012-09-04 08:07:13',7),(730,36,69,1,27,'2012-09-04 08:07:13','2012-09-04 08:07:13',7),(731,37,71,1,27,'2012-09-04 08:07:14','2012-09-04 08:07:14',7),(732,38,73,1,27,'2012-09-04 08:07:14','2012-09-04 08:07:14',7),(733,39,57,1,27,'2012-09-04 08:07:14','2012-09-04 08:07:14',7),(734,34,45,1,28,'2012-09-04 08:07:14','2012-09-04 08:07:14',7),(735,35,50,1,28,'2012-09-04 08:07:14','2012-09-04 08:07:14',7),(736,36,69,1,28,'2012-09-04 08:07:14','2012-09-04 08:07:14',7),(737,37,71,1,28,'2012-09-04 08:07:14','2012-09-04 08:07:14',7),(738,38,73,1,28,'2012-09-04 08:07:14','2012-09-04 08:07:14',7),(739,39,34,1,28,'2012-09-04 08:07:14','2012-09-04 08:07:14',7),(740,34,45,1,29,'2012-09-04 08:07:14','2012-09-04 08:07:14',7),(741,35,55,1,29,'2012-09-04 08:07:14','2012-09-04 08:07:14',7),(742,36,67,1,29,'2012-09-04 08:07:14','2012-09-04 08:07:14',7),(743,37,71,1,29,'2012-09-04 08:07:14','2012-09-04 08:07:14',7),(744,38,74,1,29,'2012-09-04 08:07:14','2012-09-04 08:07:14',7),(745,39,57,1,29,'2012-09-04 08:07:14','2012-09-04 08:07:14',7),(746,34,44,1,30,'2012-09-04 08:07:14','2012-09-04 08:07:14',7),(747,35,52,1,30,'2012-09-04 08:07:14','2012-09-04 08:07:14',7),(748,36,67,1,30,'2012-09-04 08:07:14','2012-09-04 08:07:14',7),(749,37,70,1,30,'2012-09-04 08:07:14','2012-09-04 08:07:14',7),(750,38,75,1,30,'2012-09-04 08:07:14','2012-09-04 08:07:14',7),(751,39,1,1,30,'2012-09-04 08:07:14','2012-09-04 08:07:14',7),(752,34,42,1,31,'2012-09-04 08:07:14','2012-09-04 08:07:14',7),(753,35,53,1,31,'2012-09-04 08:07:14','2012-09-04 08:07:14',7),(754,36,68,1,31,'2012-09-04 08:07:14','2012-09-04 08:07:14',7),(755,37,70,1,31,'2012-09-04 08:07:14','2012-09-04 08:07:14',7),(756,38,73,1,31,'2012-09-04 08:07:14','2012-09-04 08:07:14',7),(757,39,66,1,31,'2012-09-04 08:07:14','2012-09-04 08:07:14',7),(758,34,64,1,32,'2012-09-04 08:07:14','2012-09-04 08:07:14',7),(759,35,54,1,32,'2012-09-04 08:07:14','2012-09-04 08:07:14',7),(760,36,67,1,32,'2012-09-04 08:07:15','2012-09-04 08:07:15',7),(761,37,72,1,32,'2012-09-04 08:07:15','2012-09-04 08:07:15',7),(762,38,74,1,32,'2012-09-04 08:07:15','2012-09-04 08:07:15',7),(763,39,60,1,32,'2012-09-04 08:07:15','2012-09-04 08:07:15',7),(764,34,39,1,33,'2012-09-04 08:07:15','2012-09-04 08:07:15',7),(765,35,51,1,33,'2012-09-04 08:07:15','2012-09-04 08:07:15',7),(766,36,67,1,33,'2012-09-04 08:07:15','2012-09-04 08:07:15',7),(767,37,70,1,33,'2012-09-04 08:07:15','2012-09-04 08:07:15',7),(768,38,74,1,33,'2012-09-04 08:07:15','2012-09-04 08:07:15',7),(769,39,1,1,33,'2012-09-04 08:07:15','2012-09-04 08:07:15',7),(770,34,46,1,34,'2012-09-04 08:07:15','2012-09-04 08:07:15',7),(771,35,49,1,34,'2012-09-04 08:07:15','2012-09-04 08:07:15',7),(772,36,68,1,34,'2012-09-04 08:07:15','2012-09-04 08:07:15',7),(773,37,70,1,34,'2012-09-04 08:07:15','2012-09-04 08:07:15',7),(774,38,73,1,34,'2012-09-04 08:07:15','2012-09-04 08:07:15',7),(775,39,1,1,34,'2012-09-04 08:07:15','2012-09-04 08:07:15',7),(776,34,45,1,35,'2012-09-04 08:07:15','2012-09-04 08:07:15',7),(777,35,48,1,35,'2012-09-04 08:07:15','2012-09-04 08:07:15',7),(778,36,69,1,35,'2012-09-04 08:07:15','2012-09-04 08:07:15',7),(779,37,71,1,35,'2012-09-04 08:07:15','2012-09-04 08:07:15',7),(780,38,75,1,35,'2012-09-04 08:07:15','2012-09-04 08:07:15',7),(781,39,34,1,35,'2012-09-04 08:07:15','2012-09-04 08:07:15',7),(782,34,44,1,36,'2012-09-04 08:07:15','2012-09-04 08:07:15',7),(783,35,47,1,36,'2012-09-04 08:07:15','2012-09-04 08:07:15',7),(784,36,67,1,36,'2012-09-04 08:07:15','2012-09-04 08:07:15',7),(785,37,70,1,36,'2012-09-04 08:07:15','2012-09-04 08:07:15',7),(786,38,74,1,36,'2012-09-04 08:07:15','2012-09-04 08:07:15',7),(787,39,65,1,36,'2012-09-04 08:07:16','2012-09-04 08:07:16',7),(788,34,42,1,37,'2012-09-04 08:07:16','2012-09-04 08:07:16',7),(789,35,50,1,37,'2012-09-04 08:07:16','2012-09-04 08:07:16',7),(790,36,68,1,37,'2012-09-04 08:07:16','2012-09-04 08:07:16',7),(791,37,72,1,37,'2012-09-04 08:07:16','2012-09-04 08:07:16',7),(792,38,75,1,37,'2012-09-04 08:07:16','2012-09-04 08:07:16',7),(793,39,57,1,37,'2012-09-04 08:07:16','2012-09-04 08:07:16',7),(794,34,64,1,38,'2012-09-04 08:07:16','2012-09-04 08:07:16',7),(795,35,56,1,38,'2012-09-04 08:07:16','2012-09-04 08:07:16',7),(796,36,69,1,38,'2012-09-04 08:07:16','2012-09-04 08:07:16',7),(797,37,70,1,38,'2012-09-04 08:07:16','2012-09-04 08:07:16',7),(798,38,74,1,38,'2012-09-04 08:07:16','2012-09-04 08:07:16',7),(799,39,34,1,38,'2012-09-04 08:07:16','2012-09-04 08:07:16',7),(800,34,42,1,39,'2012-09-04 08:07:16','2012-09-04 08:07:16',7),(801,35,55,1,39,'2012-09-04 08:07:16','2012-09-04 08:07:16',7),(802,36,69,1,39,'2012-09-04 08:07:16','2012-09-04 08:07:16',7),(803,37,70,1,39,'2012-09-04 08:07:16','2012-09-04 08:07:16',7),(804,38,74,1,39,'2012-09-04 08:07:16','2012-09-04 08:07:16',7),(805,39,1,1,39,'2012-09-04 08:07:16','2012-09-04 08:07:16',7),(806,34,39,1,40,'2012-09-04 08:07:16','2012-09-04 08:07:16',7),(807,35,52,1,40,'2012-09-04 08:07:16','2012-09-04 08:07:16',7),(808,36,69,1,40,'2012-09-04 08:07:16','2012-09-04 08:07:16',7),(809,37,70,1,40,'2012-09-04 08:07:16','2012-09-04 08:07:16',7),(810,38,73,1,40,'2012-09-04 08:07:16','2012-09-04 08:07:16',7),(811,39,60,1,40,'2012-09-04 08:07:16','2012-09-04 08:07:16',7),(812,34,43,1,41,'2012-09-04 08:07:16','2012-09-04 08:07:16',7),(813,35,50,1,41,'2012-09-04 08:07:16','2012-09-04 08:07:16',7),(814,36,68,1,41,'2012-09-04 08:07:16','2012-09-04 08:07:16',7),(815,37,70,1,41,'2012-09-04 08:07:16','2012-09-04 08:07:16',7),(816,38,73,1,41,'2012-09-04 08:07:16','2012-09-04 08:07:16',7),(817,39,66,1,41,'2012-09-04 08:07:16','2012-09-04 08:07:16',7),(818,34,64,1,42,'2012-09-04 08:07:16','2012-09-04 08:07:16',7),(819,35,47,1,42,'2012-09-04 08:07:16','2012-09-04 08:07:16',7),(820,36,69,1,42,'2012-09-04 08:07:17','2012-09-04 08:07:17',7),(821,37,71,1,42,'2012-09-04 08:07:17','2012-09-04 08:07:17',7),(822,38,75,1,42,'2012-09-04 08:07:17','2012-09-04 08:07:17',7),(823,39,57,1,42,'2012-09-04 08:07:17','2012-09-04 08:07:17',7),(824,34,44,1,43,'2012-09-04 08:07:17','2012-09-04 08:07:17',7),(825,35,56,1,43,'2012-09-04 08:07:17','2012-09-04 08:07:17',7),(826,36,68,1,43,'2012-09-04 08:07:17','2012-09-04 08:07:17',7),(827,37,72,1,43,'2012-09-04 08:07:17','2012-09-04 08:07:17',7),(828,38,75,1,43,'2012-09-04 08:07:17','2012-09-04 08:07:17',7),(829,39,66,1,43,'2012-09-04 08:07:17','2012-09-04 08:07:17',7),(830,34,46,1,44,'2012-09-04 08:07:17','2012-09-04 08:07:17',7),(831,35,55,1,44,'2012-09-04 08:07:17','2012-09-04 08:07:17',7),(832,36,68,1,44,'2012-09-04 08:07:17','2012-09-04 08:07:17',7),(833,37,71,1,44,'2012-09-04 08:07:17','2012-09-04 08:07:17',7),(834,38,74,1,44,'2012-09-04 08:07:17','2012-09-04 08:07:17',7),(835,39,65,1,44,'2012-09-04 08:07:17','2012-09-04 08:07:17',7),(836,34,63,1,45,'2012-09-04 08:07:17','2012-09-04 08:07:17',7),(837,35,48,1,45,'2012-09-04 08:07:17','2012-09-04 08:07:17',7),(838,36,67,1,45,'2012-09-04 08:07:17','2012-09-04 08:07:17',7),(839,37,70,1,45,'2012-09-04 08:07:17','2012-09-04 08:07:17',7),(840,38,75,1,45,'2012-09-04 08:07:17','2012-09-04 08:07:17',7),(841,39,1,1,45,'2012-09-04 08:07:17','2012-09-04 08:07:17',7),(842,34,39,1,46,'2012-09-04 08:07:17','2012-09-04 08:07:17',7),(843,35,54,1,46,'2012-09-04 08:07:17','2012-09-04 08:07:17',7),(844,36,69,1,46,'2012-09-04 08:07:17','2012-09-04 08:07:17',7),(845,37,70,1,46,'2012-09-04 08:07:17','2012-09-04 08:07:17',7),(846,38,74,1,46,'2012-09-04 08:07:17','2012-09-04 08:07:17',7),(847,39,65,1,46,'2012-09-04 08:07:17','2012-09-04 08:07:17',7),(848,34,63,1,47,'2012-09-04 08:07:17','2012-09-04 08:07:17',7),(849,35,51,1,47,'2012-09-04 08:07:17','2012-09-04 08:07:17',7),(850,36,67,1,47,'2012-09-04 08:07:17','2012-09-04 08:07:17',7),(851,37,70,1,47,'2012-09-04 08:07:17','2012-09-04 08:07:17',7),(852,38,73,1,47,'2012-09-04 08:07:17','2012-09-04 08:07:17',7),(853,39,66,1,47,'2012-09-04 08:07:18','2012-09-04 08:07:18',7),(854,34,42,1,48,'2012-09-04 08:07:18','2012-09-04 08:07:18',7),(855,35,49,1,48,'2012-09-04 08:07:18','2012-09-04 08:07:18',7),(856,36,69,1,48,'2012-09-04 08:07:18','2012-09-04 08:07:18',7),(857,37,70,1,48,'2012-09-04 08:07:18','2012-09-04 08:07:18',7),(858,38,74,1,48,'2012-09-04 08:07:18','2012-09-04 08:07:18',7),(859,39,65,1,48,'2012-09-04 08:07:18','2012-09-04 08:07:18',7),(860,34,45,1,49,'2012-09-04 08:07:18','2012-09-04 08:07:18',7),(861,35,53,1,49,'2012-09-04 08:07:18','2012-09-04 08:07:18',7),(862,36,67,1,49,'2012-09-04 08:07:18','2012-09-04 08:07:18',7),(863,37,70,1,49,'2012-09-04 08:07:18','2012-09-04 08:07:18',7),(864,38,74,1,49,'2012-09-04 08:07:18','2012-09-04 08:07:18',7),(865,39,65,1,49,'2012-09-04 08:07:18','2012-09-04 08:07:18',7),(866,34,43,1,50,'2012-09-04 08:07:18','2012-09-04 08:07:18',7),(867,35,51,1,50,'2012-09-04 08:07:18','2012-09-04 08:07:18',7),(868,36,68,1,50,'2012-09-04 08:07:18','2012-09-04 08:07:18',7),(869,37,71,1,50,'2012-09-04 08:07:18','2012-09-04 08:07:18',7),(870,38,73,1,50,'2012-09-04 08:07:18','2012-09-04 08:07:18',7),(871,39,60,1,50,'2012-09-04 08:07:18','2012-09-04 08:07:18',7),(872,34,64,1,51,'2012-09-04 08:07:18','2012-09-04 08:07:18',7),(873,35,49,1,51,'2012-09-04 08:07:18','2012-09-04 08:07:18',7),(874,36,68,1,51,'2012-09-04 08:07:18','2012-09-04 08:07:18',7),(875,37,70,1,51,'2012-09-04 08:07:18','2012-09-04 08:07:18',7),(876,38,74,1,51,'2012-09-04 08:07:18','2012-09-04 08:07:18',7),(877,39,66,1,51,'2012-09-04 08:07:19','2012-09-04 08:07:19',7),(878,34,43,1,52,'2012-09-04 08:07:19','2012-09-04 08:07:19',7),(879,35,48,1,52,'2012-09-04 08:07:19','2012-09-04 08:07:19',7),(880,36,68,1,52,'2012-09-04 08:07:19','2012-09-04 08:07:19',7),(881,37,72,1,52,'2012-09-04 08:07:19','2012-09-04 08:07:19',7),(882,38,73,1,52,'2012-09-04 08:07:19','2012-09-04 08:07:19',7),(883,39,57,1,52,'2012-09-04 08:07:19','2012-09-04 08:07:19',7),(884,34,46,1,53,'2012-09-04 08:07:19','2012-09-04 08:07:19',7),(885,35,56,1,53,'2012-09-04 08:07:19','2012-09-04 08:07:19',7),(886,36,68,1,53,'2012-09-04 08:07:19','2012-09-04 08:07:19',7),(887,37,71,1,53,'2012-09-04 08:07:19','2012-09-04 08:07:19',7),(888,38,75,1,53,'2012-09-04 08:07:19','2012-09-04 08:07:19',7),(889,39,60,1,53,'2012-09-04 08:07:19','2012-09-04 08:07:19',7),(890,34,42,1,54,'2012-09-04 08:07:19','2012-09-04 08:07:19',7),(891,35,54,1,54,'2012-09-04 08:07:19','2012-09-04 08:07:19',7),(892,36,68,1,54,'2012-09-04 08:07:19','2012-09-04 08:07:19',7),(893,37,72,1,54,'2012-09-04 08:07:19','2012-09-04 08:07:19',7),(894,38,74,1,54,'2012-09-04 08:07:19','2012-09-04 08:07:19',7),(895,39,57,1,54,'2012-09-04 08:07:19','2012-09-04 08:07:19',7),(896,34,64,1,55,'2012-09-04 08:07:19','2012-09-04 08:07:19',7),(897,35,52,1,55,'2012-09-04 08:07:19','2012-09-04 08:07:19',7),(898,36,67,1,55,'2012-09-04 08:07:19','2012-09-04 08:07:19',7),(899,37,72,1,55,'2012-09-04 08:07:19','2012-09-04 08:07:19',7),(900,38,75,1,55,'2012-09-04 08:07:19','2012-09-04 08:07:19',7),(901,39,57,1,55,'2012-09-04 08:07:19','2012-09-04 08:07:19',7),(902,34,39,1,56,'2012-09-04 08:07:19','2012-09-04 08:07:19',7),(903,35,50,1,56,'2012-09-04 08:07:19','2012-09-04 08:07:19',7),(904,36,68,1,56,'2012-09-04 08:07:19','2012-09-04 08:07:19',7),(905,37,70,1,56,'2012-09-04 08:07:19','2012-09-04 08:07:19',7),(906,38,75,1,56,'2012-09-04 08:07:19','2012-09-04 08:07:19',7),(907,39,60,1,56,'2012-09-04 08:07:20','2012-09-04 08:07:20',7),(908,34,45,1,57,'2012-09-04 08:07:20','2012-09-04 08:07:20',7),(909,35,47,1,57,'2012-09-04 08:07:20','2012-09-04 08:07:20',7),(910,36,68,1,57,'2012-09-04 08:07:20','2012-09-04 08:07:20',7),(911,37,72,1,57,'2012-09-04 08:07:20','2012-09-04 08:07:20',7),(912,38,74,1,57,'2012-09-04 08:07:20','2012-09-04 08:07:20',7),(913,39,66,1,57,'2012-09-04 08:07:20','2012-09-04 08:07:20',7),(914,34,64,1,58,'2012-09-04 08:07:20','2012-09-04 08:07:20',7),(915,35,53,1,58,'2012-09-04 08:07:20','2012-09-04 08:07:20',7),(916,36,68,1,58,'2012-09-04 08:07:20','2012-09-04 08:07:20',7),(917,37,72,1,58,'2012-09-04 08:07:20','2012-09-04 08:07:20',7),(918,38,75,1,58,'2012-09-04 08:07:20','2012-09-04 08:07:20',7),(919,39,60,1,58,'2012-09-04 08:07:20','2012-09-04 08:07:20',7),(920,34,44,1,59,'2012-09-04 08:07:20','2012-09-04 08:07:20',7),(921,35,55,1,59,'2012-09-04 08:07:20','2012-09-04 08:07:20',7),(922,36,69,1,59,'2012-09-04 08:07:20','2012-09-04 08:07:20',7),(923,37,71,1,59,'2012-09-04 08:07:20','2012-09-04 08:07:20',7),(924,38,74,1,59,'2012-09-04 08:07:20','2012-09-04 08:07:20',7),(925,39,34,1,59,'2012-09-04 08:07:20','2012-09-04 08:07:20',7),(926,34,43,1,60,'2012-09-04 08:07:20','2012-09-04 08:07:20',7),(927,35,49,1,60,'2012-09-04 08:07:20','2012-09-04 08:07:20',7),(928,36,68,1,60,'2012-09-04 08:07:20','2012-09-04 08:07:20',7),(929,37,71,1,60,'2012-09-04 08:07:20','2012-09-04 08:07:20',7),(930,38,74,1,60,'2012-09-04 08:07:20','2012-09-04 08:07:20',7),(931,39,34,1,60,'2012-09-04 08:07:20','2012-09-04 08:07:20',7),(932,34,39,1,61,'2012-09-04 08:07:20','2012-09-04 08:07:20',7),(933,35,48,1,61,'2012-09-04 08:07:20','2012-09-04 08:07:20',7),(934,36,69,1,61,'2012-09-04 08:07:20','2012-09-04 08:07:20',7),(935,37,72,1,61,'2012-09-04 08:07:20','2012-09-04 08:07:20',7),(936,38,75,1,61,'2012-09-04 08:07:21','2012-09-04 08:07:21',7),(937,39,66,1,61,'2012-09-04 08:07:21','2012-09-04 08:07:21',7),(938,34,43,1,62,'2012-09-04 08:07:21','2012-09-04 08:07:21',7),(939,35,47,1,62,'2012-09-04 08:07:21','2012-09-04 08:07:21',7),(940,36,68,1,62,'2012-09-04 08:07:21','2012-09-04 08:07:21',7),(941,37,70,1,62,'2012-09-04 08:07:21','2012-09-04 08:07:21',7),(942,38,74,1,62,'2012-09-04 08:07:21','2012-09-04 08:07:21',7),(943,39,57,1,62,'2012-09-04 08:07:21','2012-09-04 08:07:21',7),(944,34,46,1,63,'2012-09-04 08:07:21','2012-09-04 08:07:21',7),(945,35,51,1,63,'2012-09-04 08:07:21','2012-09-04 08:07:21',7),(946,36,68,1,63,'2012-09-04 08:07:21','2012-09-04 08:07:21',7),(947,37,71,1,63,'2012-09-04 08:07:21','2012-09-04 08:07:21',7),(948,38,73,1,63,'2012-09-04 08:07:21','2012-09-04 08:07:21',7),(949,39,66,1,63,'2012-09-04 08:07:21','2012-09-04 08:07:21',7),(950,34,39,1,64,'2012-09-04 08:07:21','2012-09-04 08:07:21',7),(951,35,53,1,64,'2012-09-04 08:07:21','2012-09-04 08:07:21',7),(952,36,67,1,64,'2012-09-04 08:07:21','2012-09-04 08:07:21',7),(953,37,72,1,64,'2012-09-04 08:07:21','2012-09-04 08:07:21',7),(954,38,75,1,64,'2012-09-04 08:07:21','2012-09-04 08:07:21',7),(955,39,60,1,64,'2012-09-04 08:07:21','2012-09-04 08:07:21',7),(956,34,43,1,65,'2012-09-04 08:07:21','2012-09-04 08:07:21',7),(957,35,55,1,65,'2012-09-04 08:07:21','2012-09-04 08:07:21',7),(958,36,68,1,65,'2012-09-04 08:07:21','2012-09-04 08:07:21',7),(959,37,72,1,65,'2012-09-04 08:07:21','2012-09-04 08:07:21',7),(960,38,73,1,65,'2012-09-04 08:07:21','2012-09-04 08:07:21',7),(961,39,1,1,65,'2012-09-04 08:07:21','2012-09-04 08:07:21',7),(962,34,63,1,66,'2012-09-04 08:07:21','2012-09-04 08:07:21',7),(963,35,54,1,66,'2012-09-04 08:07:21','2012-09-04 08:07:21',7),(964,36,69,1,66,'2012-09-04 08:07:21','2012-09-04 08:07:21',7),(965,37,70,1,66,'2012-09-04 08:07:21','2012-09-04 08:07:21',7),(966,38,73,1,66,'2012-09-04 08:07:21','2012-09-04 08:07:21',7),(967,39,66,1,66,'2012-09-04 08:07:21','2012-09-04 08:07:21',7),(968,34,45,1,67,'2012-09-04 08:07:22','2012-09-04 08:07:22',7),(969,35,56,1,67,'2012-09-04 08:07:22','2012-09-04 08:07:22',7),(970,36,69,1,67,'2012-09-04 08:07:22','2012-09-04 08:07:22',7),(971,37,72,1,67,'2012-09-04 08:07:22','2012-09-04 08:07:22',7),(972,38,75,1,67,'2012-09-04 08:07:22','2012-09-04 08:07:22',7),(973,39,1,1,67,'2012-09-04 08:07:22','2012-09-04 08:07:22',7),(974,34,46,1,68,'2012-09-04 08:07:22','2012-09-04 08:07:22',7),(975,35,52,1,68,'2012-09-04 08:07:22','2012-09-04 08:07:22',7),(976,36,69,1,68,'2012-09-04 08:07:22','2012-09-04 08:07:22',7),(977,37,70,1,68,'2012-09-04 08:07:22','2012-09-04 08:07:22',7),(978,38,73,1,68,'2012-09-04 08:07:22','2012-09-04 08:07:22',7),(979,39,60,1,68,'2012-09-04 08:07:22','2012-09-04 08:07:22',7),(980,34,44,1,69,'2012-09-04 08:07:22','2012-09-04 08:07:22',7),(981,35,50,1,69,'2012-09-04 08:07:22','2012-09-04 08:07:22',7),(982,36,67,1,69,'2012-09-04 08:07:22','2012-09-04 08:07:22',7),(983,37,72,1,69,'2012-09-04 08:07:22','2012-09-04 08:07:22',7),(984,38,73,1,69,'2012-09-04 08:07:22','2012-09-04 08:07:22',7),(985,39,1,1,69,'2012-09-04 08:07:22','2012-09-04 08:07:22',7),(986,34,63,1,70,'2012-09-04 08:07:22','2012-09-04 08:07:22',7),(987,35,53,1,70,'2012-09-04 08:07:22','2012-09-04 08:07:22',7),(988,36,68,1,70,'2012-09-04 08:07:22','2012-09-04 08:07:22',7),(989,37,72,1,70,'2012-09-04 08:07:22','2012-09-04 08:07:22',7),(990,38,74,1,70,'2012-09-04 08:07:22','2012-09-04 08:07:22',7),(991,39,34,1,70,'2012-09-04 08:07:22','2012-09-04 08:07:22',7),(992,34,44,1,71,'2012-09-04 08:07:22','2012-09-04 08:07:22',7),(993,35,49,1,71,'2012-09-04 08:07:23','2012-09-04 08:07:23',7),(994,36,69,1,71,'2012-09-04 08:07:23','2012-09-04 08:07:23',7),(995,37,70,1,71,'2012-09-04 08:07:23','2012-09-04 08:07:23',7),(996,38,73,1,71,'2012-09-04 08:07:23','2012-09-04 08:07:23',7),(997,39,66,1,71,'2012-09-04 08:07:23','2012-09-04 08:07:23',7),(998,34,42,1,72,'2012-09-04 08:07:23','2012-09-04 08:07:23',7),(999,35,52,1,72,'2012-09-04 08:07:23','2012-09-04 08:07:23',7),(1000,36,67,1,72,'2012-09-04 08:07:23','2012-09-04 08:07:23',7),(1001,37,72,1,72,'2012-09-04 08:07:23','2012-09-04 08:07:23',7),(1002,38,75,1,72,'2012-09-04 08:07:23','2012-09-04 08:07:23',7),(1003,39,1,1,72,'2012-09-04 08:07:23','2012-09-04 08:07:23',7),(1004,34,63,1,73,'2012-09-04 08:07:23','2012-09-04 08:07:23',7),(1005,35,50,1,73,'2012-09-04 08:07:23','2012-09-04 08:07:23',7),(1006,36,68,1,73,'2012-09-04 08:07:23','2012-09-04 08:07:23',7),(1007,37,72,1,73,'2012-09-04 08:07:23','2012-09-04 08:07:23',7),(1008,38,73,1,73,'2012-09-04 08:07:23','2012-09-04 08:07:23',7),(1009,39,57,1,73,'2012-09-04 08:07:23','2012-09-04 08:07:23',7),(1010,34,44,1,74,'2012-09-04 08:07:23','2012-09-04 08:07:23',7),(1011,35,54,1,74,'2012-09-04 08:07:23','2012-09-04 08:07:23',7),(1012,36,67,1,74,'2012-09-04 08:07:23','2012-09-04 08:07:23',7),(1013,37,71,1,74,'2012-09-04 08:07:23','2012-09-04 08:07:23',7),(1014,38,73,1,74,'2012-09-04 08:07:23','2012-09-04 08:07:23',7),(1015,39,34,1,74,'2012-09-04 08:07:23','2012-09-04 08:07:23',7),(1016,34,42,1,75,'2012-09-04 08:07:23','2012-09-04 08:07:23',7),(1017,35,56,1,75,'2012-09-04 08:07:23','2012-09-04 08:07:23',7),(1018,36,67,1,75,'2012-09-04 08:07:23','2012-09-04 08:07:23',7),(1019,37,72,1,75,'2012-09-04 08:07:23','2012-09-04 08:07:23',7),(1020,38,74,1,75,'2012-09-04 08:07:23','2012-09-04 08:07:23',7),(1021,39,1,1,75,'2012-09-04 08:07:23','2012-09-04 08:07:23',7),(1022,34,39,1,76,'2012-09-04 08:07:23','2012-09-04 08:07:23',7),(1023,35,47,1,76,'2012-09-04 08:07:23','2012-09-04 08:07:23',7),(1024,36,69,1,76,'2012-09-04 08:07:23','2012-09-04 08:07:23',7),(1025,37,71,1,76,'2012-09-04 08:07:23','2012-09-04 08:07:23',7),(1026,38,73,1,76,'2012-09-04 08:07:23','2012-09-04 08:07:23',7),(1027,39,60,1,76,'2012-09-04 08:07:24','2012-09-04 08:07:24',7),(1028,34,45,1,77,'2012-09-04 08:07:24','2012-09-04 08:07:24',7),(1029,35,51,1,77,'2012-09-04 08:07:24','2012-09-04 08:07:24',7),(1030,36,69,1,77,'2012-09-04 08:07:24','2012-09-04 08:07:24',7),(1031,37,72,1,77,'2012-09-04 08:07:24','2012-09-04 08:07:24',7),(1032,38,75,1,77,'2012-09-04 08:07:24','2012-09-04 08:07:24',7),(1033,39,57,1,77,'2012-09-04 08:07:24','2012-09-04 08:07:24',7),(1034,34,46,1,78,'2012-09-04 08:07:24','2012-09-04 08:07:24',7),(1035,35,48,1,78,'2012-09-04 08:07:24','2012-09-04 08:07:24',7),(1036,36,68,1,78,'2012-09-04 08:07:24','2012-09-04 08:07:24',7),(1037,37,70,1,78,'2012-09-04 08:07:24','2012-09-04 08:07:24',7),(1038,38,73,1,78,'2012-09-04 08:07:24','2012-09-04 08:07:24',7),(1039,39,1,1,78,'2012-09-04 08:07:24','2012-09-04 08:07:24',7),(1040,34,64,1,79,'2012-09-04 08:07:24','2012-09-04 08:07:24',7),(1041,35,55,1,79,'2012-09-04 08:07:24','2012-09-04 08:07:24',7),(1042,36,68,1,79,'2012-09-04 08:07:24','2012-09-04 08:07:24',7),(1043,37,72,1,79,'2012-09-04 08:07:24','2012-09-04 08:07:24',7),(1044,38,74,1,79,'2012-09-04 08:07:24','2012-09-04 08:07:24',7),(1045,39,34,1,79,'2012-09-04 08:07:24','2012-09-04 08:07:24',7),(20574,30,36,1,0,'2012-11-08 14:06:15','2012-11-08 14:06:15',5),(20575,31,43,1,0,'2012-11-08 14:06:16','2012-11-08 14:06:16',5),(20576,32,48,1,0,'2012-11-08 14:06:16','2012-11-08 14:06:16',5),(20577,33,61,1,0,'2012-11-08 14:06:16','2012-11-08 14:06:16',5),(20578,30,34,1,1,'2012-11-08 14:06:16','2012-11-08 14:06:16',5),(20579,31,42,1,1,'2012-11-08 14:06:16','2012-11-08 14:06:16',5),(20580,32,48,1,1,'2012-11-08 14:06:16','2012-11-08 14:06:16',5),(20581,33,62,1,1,'2012-11-08 14:06:16','2012-11-08 14:06:16',5),(20582,30,36,1,2,'2012-11-08 14:06:16','2012-11-08 14:06:16',5),(20583,31,39,1,2,'2012-11-08 14:06:16','2012-11-08 14:06:16',5),(20584,32,47,1,2,'2012-11-08 14:06:16','2012-11-08 14:06:16',5),(20585,33,62,1,2,'2012-11-08 14:06:16','2012-11-08 14:06:16',5),(20586,30,1,1,3,'2012-11-08 14:06:16','2012-11-08 14:06:16',5),(20587,31,42,1,3,'2012-11-08 14:06:16','2012-11-08 14:06:16',5),(20588,32,48,1,3,'2012-11-08 14:06:16','2012-11-08 14:06:16',5),(20589,33,61,1,3,'2012-11-08 14:06:16','2012-11-08 14:06:16',5),(20590,30,34,1,4,'2012-11-08 14:06:16','2012-11-08 14:06:16',5),(20591,31,39,1,4,'2012-11-08 14:06:16','2012-11-08 14:06:16',5),(20592,32,47,1,4,'2012-11-08 14:06:16','2012-11-08 14:06:16',5),(20593,33,61,1,4,'2012-11-08 14:06:16','2012-11-08 14:06:16',5),(20594,30,34,1,5,'2012-11-08 14:06:16','2012-11-08 14:06:16',5),(20595,31,43,1,5,'2012-11-08 14:06:16','2012-11-08 14:06:16',5),(20596,32,47,1,5,'2012-11-08 14:06:16','2012-11-08 14:06:16',5),(20597,33,62,1,5,'2012-11-08 14:06:16','2012-11-08 14:06:16',5),(20598,30,1,1,6,'2012-11-08 14:06:16','2012-11-08 14:06:16',5),(20599,31,43,1,6,'2012-11-08 14:06:16','2012-11-08 14:06:16',5),(20600,32,48,1,6,'2012-11-08 14:06:16','2012-11-08 14:06:16',5),(20601,33,62,1,6,'2012-11-08 14:06:16','2012-11-08 14:06:16',5),(20602,30,36,1,7,'2012-11-08 14:06:16','2012-11-08 14:06:16',5),(20603,31,42,1,7,'2012-11-08 14:06:16','2012-11-08 14:06:16',5),(20604,32,47,1,7,'2012-11-08 14:06:16','2012-11-08 14:06:16',5),(20605,33,61,1,7,'2012-11-08 14:06:16','2012-11-08 14:06:16',5),(20606,30,34,1,8,'2012-11-08 14:06:16','2012-11-08 14:06:16',5),(20607,31,39,1,8,'2012-11-08 14:06:16','2012-11-08 14:06:16',5),(20608,32,48,1,8,'2012-11-08 14:06:17','2012-11-08 14:06:17',5),(20609,33,62,1,8,'2012-11-08 14:06:17','2012-11-08 14:06:17',5),(30348,44,38,1,0,'2012-11-10 23:00:58','2012-11-10 23:00:58',10),(30349,45,48,1,0,'2012-11-10 23:00:58','2012-11-10 23:00:58',10),(30350,46,68,1,0,'2012-11-10 23:00:58','2012-11-10 23:00:58',10),(30351,44,37,1,1,'2012-11-10 23:00:58','2012-11-10 23:00:58',10),(30352,45,51,1,1,'2012-11-10 23:00:58','2012-11-10 23:00:58',10),(30353,46,69,1,1,'2012-11-10 23:00:58','2012-11-10 23:00:58',10),(30354,44,38,1,2,'2012-11-10 23:00:58','2012-11-10 23:00:58',10),(30355,45,49,1,2,'2012-11-10 23:00:58','2012-11-10 23:00:58',10),(30356,46,67,1,2,'2012-11-10 23:00:59','2012-11-10 23:00:59',10),(30357,44,38,1,3,'2012-11-10 23:00:59','2012-11-10 23:00:59',10),(30358,45,50,1,3,'2012-11-10 23:00:59','2012-11-10 23:00:59',10),(30359,46,69,1,3,'2012-11-10 23:00:59','2012-11-10 23:00:59',10),(30360,44,36,1,4,'2012-11-10 23:00:59','2012-11-10 23:00:59',10),(30361,45,49,1,4,'2012-11-10 23:00:59','2012-11-10 23:00:59',10),(30362,46,69,1,4,'2012-11-10 23:00:59','2012-11-10 23:00:59',10),(30363,44,1,1,5,'2012-11-10 23:00:59','2012-11-10 23:00:59',10),(30364,45,49,1,5,'2012-11-10 23:00:59','2012-11-10 23:00:59',10),(30365,46,68,1,5,'2012-11-10 23:00:59','2012-11-10 23:00:59',10),(30366,44,1,1,6,'2012-11-10 23:00:59','2012-11-10 23:00:59',10),(30367,45,50,1,6,'2012-11-10 23:00:59','2012-11-10 23:00:59',10),(30368,46,67,1,6,'2012-11-10 23:00:59','2012-11-10 23:00:59',10),(30369,44,36,1,7,'2012-11-10 23:00:59','2012-11-10 23:00:59',10),(30370,45,51,1,7,'2012-11-10 23:00:59','2012-11-10 23:00:59',10),(30371,46,67,1,7,'2012-11-10 23:00:59','2012-11-10 23:00:59',10),(30372,44,37,1,8,'2012-11-10 23:00:59','2012-11-10 23:00:59',10),(30373,45,48,1,8,'2012-11-10 23:00:59','2012-11-10 23:00:59',10),(30374,46,67,1,8,'2012-11-10 23:00:59','2012-11-10 23:00:59',10),(30375,44,37,1,9,'2012-11-10 23:00:59','2012-11-10 23:00:59',10),(30376,45,51,1,9,'2012-11-10 23:00:59','2012-11-10 23:00:59',10),(30377,46,68,1,9,'2012-11-10 23:00:59','2012-11-10 23:00:59',10),(30378,44,36,1,10,'2012-11-10 23:00:59','2012-11-10 23:00:59',10),(30379,45,48,1,10,'2012-11-10 23:00:59','2012-11-10 23:00:59',10),(30380,46,68,1,10,'2012-11-10 23:00:59','2012-11-10 23:00:59',10),(30381,44,37,1,11,'2012-11-10 23:00:59','2012-11-10 23:00:59',10),(30382,45,50,1,11,'2012-11-10 23:00:59','2012-11-10 23:00:59',10),(30383,46,69,1,11,'2012-11-10 23:00:59','2012-11-10 23:00:59',10),(30384,44,1,1,12,'2012-11-10 23:00:59','2012-11-10 23:00:59',10),(30385,45,51,1,12,'2012-11-10 23:00:59','2012-11-10 23:00:59',10),(30386,46,68,1,12,'2012-11-10 23:00:59','2012-11-10 23:00:59',10),(30387,44,38,1,13,'2012-11-10 23:00:59','2012-11-10 23:00:59',10),(30388,45,51,1,13,'2012-11-10 23:00:59','2012-11-10 23:00:59',10),(30389,46,67,1,13,'2012-11-10 23:00:59','2012-11-10 23:00:59',10),(30390,44,36,1,14,'2012-11-10 23:00:59','2012-11-10 23:00:59',10),(30391,45,50,1,14,'2012-11-10 23:00:59','2012-11-10 23:00:59',10),(30392,46,67,1,14,'2012-11-10 23:00:59','2012-11-10 23:00:59',10),(30393,44,36,1,15,'2012-11-10 23:00:59','2012-11-10 23:00:59',10),(30394,45,48,1,15,'2012-11-10 23:00:59','2012-11-10 23:00:59',10),(30395,46,69,1,15,'2012-11-10 23:01:00','2012-11-10 23:01:00',10),(30396,44,1,1,16,'2012-11-10 23:01:00','2012-11-10 23:01:00',10),(30397,45,51,1,16,'2012-11-10 23:01:00','2012-11-10 23:01:00',10),(30398,46,68,1,16,'2012-11-10 23:01:00','2012-11-10 23:01:00',10),(30399,44,37,1,17,'2012-11-10 23:01:00','2012-11-10 23:01:00',10),(30400,45,49,1,17,'2012-11-10 23:01:00','2012-11-10 23:01:00',10),(30401,46,67,1,17,'2012-11-10 23:01:00','2012-11-10 23:01:00',10),(30402,44,1,1,18,'2012-11-10 23:01:12','2012-11-10 23:01:12',10),(30403,45,48,1,18,'2012-11-10 23:01:12','2012-11-10 23:01:12',10),(30404,46,68,1,18,'2012-11-10 23:01:12','2012-11-10 23:01:12',10),(30405,44,1,1,19,'2012-11-10 23:01:12','2012-11-10 23:01:12',10),(30406,45,48,1,19,'2012-11-10 23:01:12','2012-11-10 23:01:12',10),(30407,46,67,1,19,'2012-11-10 23:01:12','2012-11-10 23:01:12',10);
/*!40000 ALTER TABLE `results` ENABLE KEYS */;
UNLOCK TABLES;

--
-- Table structure for table `schema_migrations`
--

DROP TABLE IF EXISTS `schema_migrations`;
/*!40101 SET @saved_cs_client     = @@character_set_client */;
/*!40101 SET character_set_client = utf8 */;
CREATE TABLE `schema_migrations` (
  `version` varchar(255) COLLATE utf8_unicode_ci NOT NULL,
  UNIQUE KEY `unique_schema_migrations` (`version`)
) ENGINE=InnoDB DEFAULT CHARSET=utf8 COLLATE=utf8_unicode_ci;
/*!40101 SET character_set_client = @saved_cs_client */;

--
-- Dumping data for table `schema_migrations`
--

LOCK TABLES `schema_migrations` WRITE;
/*!40000 ALTER TABLE `schema_migrations` DISABLE KEYS */;
INSERT INTO `schema_migrations` VALUES ('20120802014354'),('20120802014918'),('20120802095751'),('20120803093150'),('20120806065717'),('20120806075328'),('20120806082533'),('20120807061003'),('20120808095540'),('20120808100119'),('20120827095608'),('20120830095555'),('20120830100245'),('20120830104824'),('20120831055050'),('20120831071231');
/*!40000 ALTER TABLE `schema_migrations` ENABLE KEYS */;
UNLOCK TABLES;

--
-- Table structure for table `users`
--

DROP TABLE IF EXISTS `users`;
/*!40101 SET @saved_cs_client     = @@character_set_client */;
/*!40101 SET character_set_client = utf8 */;
CREATE TABLE `users` (
  `id` int(11) NOT NULL AUTO_INCREMENT,
  `name` varchar(255) COLLATE utf8_unicode_ci DEFAULT NULL,
  `password` varchar(255) COLLATE utf8_unicode_ci DEFAULT NULL,
  `status` int(11) DEFAULT NULL,
  `created_at` datetime NOT NULL,
  `updated_at` datetime NOT NULL,
  PRIMARY KEY (`id`)
) ENGINE=InnoDB AUTO_INCREMENT=3 DEFAULT CHARSET=utf8 COLLATE=utf8_unicode_ci;
/*!40101 SET character_set_client = @saved_cs_client */;

--
-- Dumping data for table `users`
--

LOCK TABLES `users` WRITE;
/*!40000 ALTER TABLE `users` DISABLE KEYS */;
INSERT INTO `users` VALUES (1,'admin','admin',0,'2012-08-06 07:04:22','2012-08-06 07:04:22'),(2,'test2','test2',0,'2012-08-20 06:48:13','2012-08-20 06:48:13');
/*!40000 ALTER TABLE `users` ENABLE KEYS */;
UNLOCK TABLES;

--
-- Table structure for table `values`
--

DROP TABLE IF EXISTS `values`;
/*!40101 SET @saved_cs_client     = @@character_set_client */;
/*!40101 SET character_set_client = utf8 */;
CREATE TABLE `values` (
  `id` int(11) NOT NULL AUTO_INCREMENT,
  `value` varchar(255) COLLATE utf8_unicode_ci DEFAULT NULL,
  `weight` float DEFAULT NULL,
  `parameter_id` int(11) DEFAULT NULL,
  `is_default` tinyint(1) DEFAULT NULL,
  `status` int(11) DEFAULT NULL,
  `created_at` datetime NOT NULL,
  `updated_at` datetime NOT NULL,
  PRIMARY KEY (`id`),
  KEY `index_values_on_parameter_id` (`parameter_id`)
) ENGINE=InnoDB AUTO_INCREMENT=79 DEFAULT CHARSET=utf8 COLLATE=utf8_unicode_ci;
/*!40101 SET character_set_client = @saved_cs_client */;

--
-- Dumping data for table `values`
--

LOCK TABLES `values` WRITE;
/*!40000 ALTER TABLE `values` DISABLE KEYS */;
INSERT INTO `values` VALUES (1,'Window 7',30,1,1,0,'2012-08-02 02:55:24','2012-09-04 07:36:35'),(34,'Window XP',2,1,1,0,'2012-08-02 08:08:25','2012-09-04 07:36:22'),(36,'vista',2,1,1,2,'2012-08-02 08:09:01','2012-08-09 06:11:26'),(37,'win2000',3,1,1,1,'2012-08-02 08:10:07','2012-08-09 06:11:39'),(38,'win8',5,1,1,5,'2012-08-02 08:10:36','2012-08-09 06:12:04'),(39,'Internet Explorer 6',5,4,1,0,'2012-08-06 06:44:34','2012-09-04 07:05:30'),(40,'1.1',5,26,0,0,'2012-08-09 02:37:29','2012-08-09 06:33:04'),(41,'1.5',6,26,0,0,'2012-08-09 05:46:21','2012-08-09 06:33:16'),(42,'Internet Explorer 8',8,4,1,0,'2012-08-09 06:29:56','2012-09-04 07:05:45'),(43,'Internet Explorer 9',2,4,1,0,'2012-08-09 06:30:23','2012-09-04 07:06:24'),(44,'Google Chrome',5,4,1,0,'2012-08-09 06:30:46','2012-09-04 07:06:43'),(45,'Mozilla FireFox 3',3,4,1,0,'2012-08-09 06:30:59','2012-09-04 07:07:10'),(46,'Mozilla FireFox 15',6,4,1,0,'2012-08-09 06:31:22','2012-09-04 07:07:41'),(47,'CHS',2,5,1,0,'2012-08-09 06:31:55','2012-09-04 07:49:54'),(48,'ENU',9,5,1,0,'2012-08-09 06:32:09','2012-09-04 07:50:05'),(49,'FRA',5,5,1,0,'2012-08-15 07:58:13','2012-09-04 07:50:19'),(50,'GER',6,5,1,0,'2012-08-15 07:58:47','2012-09-04 07:50:37'),(51,'ITA',4,5,1,0,'2012-08-15 07:59:04','2012-09-04 07:51:47'),(52,'RUS',5,5,1,0,'2012-08-15 07:59:16','2012-09-04 07:52:41'),(53,'JPN',5,5,1,0,'2012-08-15 07:59:34','2012-09-04 07:50:58'),(54,'HEB',5,5,1,0,'2012-08-15 07:59:59','2012-09-04 07:52:28'),(55,'ESP',4,5,1,0,'2012-08-15 08:00:08','2012-09-04 07:52:05'),(56,'CHT',5,5,1,0,'2012-08-15 08:00:31','2012-09-04 07:51:17'),(57,'Liunx Ubuntu 12.0',5,1,1,0,'2012-08-15 08:01:14','2012-09-04 07:37:01'),(58,'Vista',NULL,1,0,0,'2012-08-15 08:01:32','2012-08-15 08:01:32'),(59,'win2000',NULL,1,0,0,'2012-08-15 08:01:50','2012-08-15 08:01:50'),(60,'Mac OS 10.6',5,1,1,0,'2012-08-15 08:02:01','2012-09-04 07:37:23'),(61,'v1.0',NULL,28,0,0,'2012-08-28 09:21:56','2012-08-28 09:21:56'),(62,'v1.5',NULL,28,0,0,'2012-08-28 09:22:12','2012-08-28 09:22:12'),(63,'Safri 5',5,4,1,0,'2012-09-04 07:34:31','2012-09-04 07:34:31'),(64,'Opera 10',5,4,1,0,'2012-09-04 07:35:00','2012-09-04 07:35:00'),(65,'Mac OS 10.7',8,1,1,0,'2012-09-04 07:37:58','2012-09-04 07:37:58'),(66,'Mac OS 10.8',8,1,1,0,'2012-09-04 07:38:12','2012-09-04 07:38:12'),(67,'RealPlayer',5,29,1,0,'2012-09-04 07:39:27','2012-09-04 07:39:27'),(68,'Medial Player',8,29,1,0,'2012-09-04 07:39:51','2012-09-04 07:39:51'),(69,'Flash Player',5,29,1,0,'2012-09-04 07:40:03','2012-09-04 07:40:03'),(70,'IIS 7',5,30,1,0,'2012-09-04 07:40:39','2012-09-04 07:40:39'),(71,'Apache',5,30,1,0,'2012-09-04 07:40:50','2012-09-04 07:40:50'),(72,'WebLogic',5,30,1,0,'2012-09-04 07:41:05','2012-09-04 07:41:05'),(73,'Liunx RedHat',5,31,1,0,'2012-09-04 07:41:58','2012-09-04 07:41:58'),(74,'Liunx Ubuntu',5,31,1,0,'2012-09-04 07:42:33','2012-09-04 07:42:33'),(75,'Windows Server',5,31,1,0,'2012-09-04 07:42:51','2012-09-04 07:42:51'),(76,'value1',NULL,32,0,0,'2012-09-05 10:24:13','2012-09-05 10:24:13');
/*!40000 ALTER TABLE `values` ENABLE KEYS */;
UNLOCK TABLES;
/*!40103 SET TIME_ZONE=@OLD_TIME_ZONE */;

/*!40101 SET SQL_MODE=@OLD_SQL_MODE */;
/*!40014 SET FOREIGN_KEY_CHECKS=@OLD_FOREIGN_KEY_CHECKS */;
/*!40014 SET UNIQUE_CHECKS=@OLD_UNIQUE_CHECKS */;
/*!40101 SET CHARACTER_SET_CLIENT=@OLD_CHARACTER_SET_CLIENT */;
/*!40101 SET CHARACTER_SET_RESULTS=@OLD_CHARACTER_SET_RESULTS */;
/*!40101 SET COLLATION_CONNECTION=@OLD_COLLATION_CONNECTION */;
/*!40111 SET SQL_NOTES=@OLD_SQL_NOTES */;

-- Dump completed on 2012-11-10 18:05:20
